<?xml version='1.0' encoding='UTF-8' standalone='no'?>
<doxygen xmlns:xsi="http://www.w3.org/2001/XMLSchema-instance" xsi:noNamespaceSchemaLocation="compound.xsd" version="1.8.11">
  <compounddef id="dir_53e88f7fa585331171beac223e0e5b81" kind="dir">
    <compoundname>/home/elastos/Projects/src/session</compoundname>
    <innerfile refid="ela__session_8h">ela_session.h</innerfile>
    <briefdescription>
    </briefdescription>
    <detaileddescription>
    </detaileddescription>
    <location file="/home/elastos/Projects/src/session/"/>
  </compounddef>
</doxygen>
