<?xml version='1.0' encoding='UTF-8' standalone='no'?>
<doxygen xmlns:xsi="http://www.w3.org/2001/XMLSchema-instance" xsi:noNamespaceSchemaLocation="compound.xsd" version="1.8.11">
  <compounddef id="dir_68267d1309a1af8e8297ef4c3efbcdba" kind="dir">
    <compoundname>/home/elastos/Projects/src</compoundname>
    <innerdir refid="dir_d29cbcd98482a72b855019973a2ab64e">/home/elastos/Projects/src/carrier</innerdir>
    <innerdir refid="dir_53e88f7fa585331171beac223e0e5b81">/home/elastos/Projects/src/session</innerdir>
    <briefdescription>
    </briefdescription>
    <detaileddescription>
    </detaileddescription>
    <location file="/home/elastos/Projects/src/"/>
  </compounddef>
</doxygen>
