<?xml version='1.0' encoding='UTF-8' standalone='no'?>
<doxygen xmlns:xsi="http://www.w3.org/2001/XMLSchema-instance" xsi:noNamespaceSchemaLocation="compound.xsd" version="1.8.11">
  <compounddef id="dir_d29cbcd98482a72b855019973a2ab64e" kind="dir">
    <compoundname>/home/elastos/Projects/src/carrier</compoundname>
    <innerfile refid="ela__carrier_8h">ela_carrier.h</innerfile>
    <briefdescription>
    </briefdescription>
    <detaileddescription>
    </detaileddescription>
    <location file="/home/elastos/Projects/src/carrier/"/>
  </compounddef>
</doxygen>
