<?xml version='1.0' encoding='UTF-8' standalone='no'?>
<doxygenindex xmlns:xsi="http://www.w3.org/2001/XMLSchema-instance" xsi:noNamespaceSchemaLocation="index.xsd" version="1.8.11">
  <compound refid="struct_bootstrap_node" kind="struct"><name>BootstrapNode</name>
    <member refid="struct_bootstrap_node_1af4a9cdf4487630ca563dccfe2dfb1150" kind="variable"><name>ipv4</name></member>
    <member refid="struct_bootstrap_node_1a47c9ffbe13dc5b5f8d6caaf24b8d5226" kind="variable"><name>ipv6</name></member>
    <member refid="struct_bootstrap_node_1a8e7654be13a9e9644fbd227450df4b09" kind="variable"><name>port</name></member>
    <member refid="struct_bootstrap_node_1a81bc11367db00ab434f59a5f6e480367" kind="variable"><name>public_key</name></member>
  </compound>
  <compound refid="struct_ela_address_info" kind="struct"><name>ElaAddressInfo</name>
    <member refid="struct_ela_address_info_1ada05c83f5fc6f42adfdf14bc12243f72" kind="variable"><name>type</name></member>
    <member refid="struct_ela_address_info_1a9121d023dba1c312c96545007d50672d" kind="variable"><name>addr</name></member>
    <member refid="struct_ela_address_info_1a3bd5c7680e0f9bfe1319ae4821d7ca7a" kind="variable"><name>port</name></member>
    <member refid="struct_ela_address_info_1a26320d69a267febcfde1db45deaffc59" kind="variable"><name>related_addr</name></member>
    <member refid="struct_ela_address_info_1a28d3af501fe1d90227ebcbbb742eb4cb" kind="variable"><name>related_port</name></member>
  </compound>
  <compound refid="struct_ela_callbacks" kind="struct"><name>ElaCallbacks</name>
    <member refid="struct_ela_callbacks_1a108a48c09ee5d6f13412d5db9fbbc5b1" kind="variable"><name>idle</name></member>
    <member refid="struct_ela_callbacks_1a32b4093dd16606dd1dba224e8f92231a" kind="variable"><name>connection_status</name></member>
    <member refid="struct_ela_callbacks_1a7fe7dd52d83d31dee81fb6efd0aa7f67" kind="variable"><name>ready</name></member>
    <member refid="struct_ela_callbacks_1a780f5072c08b8cbe226d289e1fe6f4b1" kind="variable"><name>self_info</name></member>
    <member refid="struct_ela_callbacks_1a631573817578c9fe4d43acba821d1064" kind="variable"><name>friend_list</name></member>
    <member refid="struct_ela_callbacks_1a482aab48d1e3a465492cdeac2e07ecb9" kind="variable"><name>friend_connection</name></member>
    <member refid="struct_ela_callbacks_1a2e27c93a1bdf444a9303ea5fa85bc81d" kind="variable"><name>friend_info</name></member>
    <member refid="struct_ela_callbacks_1a820774ab6ec82b86bd786b602738f7c6" kind="variable"><name>friend_presence</name></member>
    <member refid="struct_ela_callbacks_1a9fbcb29667f1c7d0b980255391bfb332" kind="variable"><name>friend_request</name></member>
    <member refid="struct_ela_callbacks_1a6a76a411b8ebd5f5cace89bfa65fe451" kind="variable"><name>friend_added</name></member>
    <member refid="struct_ela_callbacks_1abd0e7403fb531c89f468322bdbecc31d" kind="variable"><name>friend_removed</name></member>
    <member refid="struct_ela_callbacks_1a06edf5a4b52a3dee44eb0bc0c93e0158" kind="variable"><name>friend_message</name></member>
    <member refid="struct_ela_callbacks_1a36ecf817672e090d85a015271d14c0ac" kind="variable"><name>friend_invite</name></member>
  </compound>
  <compound refid="struct_ela_friend_info" kind="struct"><name>ElaFriendInfo</name>
    <member refid="struct_ela_friend_info_1aba60ca5b3e3a2b422cb7c54bf9947a5e" kind="variable"><name>user_info</name></member>
    <member refid="struct_ela_friend_info_1a1d68a029db884b68beefcf78a5c39b3b" kind="variable"><name>label</name></member>
    <member refid="struct_ela_friend_info_1a630846731fa9a36d1f0888996c831ccb" kind="variable"><name>status</name></member>
    <member refid="struct_ela_friend_info_1a8a30d75d1bad5d8e4b47cdb210825413" kind="variable"><name>presence</name></member>
  </compound>
  <compound refid="struct_ela_options" kind="struct"><name>ElaOptions</name>
    <member refid="struct_ela_options_1af4b0f9879a6cbedd4120febb1c9b2651" kind="variable"><name>persistent_location</name></member>
    <member refid="struct_ela_options_1aca9375bb76d7bc75f549e50c7530dc2b" kind="variable"><name>udp_enabled</name></member>
    <member refid="struct_ela_options_1ae1623166c8504977fbb0ca3c1b954495" kind="variable"><name>bootstraps_size</name></member>
    <member refid="struct_ela_options_1ac461ec0b4268c2b9d664a6f5102398ec" kind="variable"><name>bootstraps</name></member>
  </compound>
  <compound refid="struct_ela_stream_callbacks" kind="struct"><name>ElaStreamCallbacks</name>
    <member refid="struct_ela_stream_callbacks_1ab5dd3527e3072d8db02c8fcb29896e4c" kind="variable"><name>state_changed</name></member>
    <member refid="struct_ela_stream_callbacks_1acc93fdbd62294276e9c0f3ac1ef29e2d" kind="variable"><name>stream_data</name></member>
    <member refid="struct_ela_stream_callbacks_1aaf9b310e2e6e08b43c92c9f15036210f" kind="variable"><name>channel_open</name></member>
    <member refid="struct_ela_stream_callbacks_1a457b2f434bd8638a3880e2d167b7230e" kind="variable"><name>channel_opened</name></member>
    <member refid="struct_ela_stream_callbacks_1a95519e97c1345cdb1cfc2dc5979797d3" kind="variable"><name>channel_close</name></member>
    <member refid="struct_ela_stream_callbacks_1a147758e0215dc77126d1e6f27b68284e" kind="variable"><name>channel_data</name></member>
    <member refid="struct_ela_stream_callbacks_1a0b5132d044b5a434482d2f247d5038ea" kind="variable"><name>channel_pending</name></member>
    <member refid="struct_ela_stream_callbacks_1a7084466e1442fa72ba46e7bafed406f8" kind="variable"><name>channel_resume</name></member>
  </compound>
  <compound refid="struct_ela_transport_info" kind="struct"><name>ElaTransportInfo</name>
    <member refid="struct_ela_transport_info_1a1f86c2c3edc4f6da950a191b1559e7f6" kind="variable"><name>topology</name></member>
    <member refid="struct_ela_transport_info_1a2b7249d6b3b71c297ba35a0e62df9b41" kind="variable"><name>local</name></member>
    <member refid="struct_ela_transport_info_1acd88a98ee7ea8fe0baa4a1e76ca7901f" kind="variable"><name>remote</name></member>
  </compound>
  <compound refid="struct_ela_user_info" kind="struct"><name>ElaUserInfo</name>
    <member refid="struct_ela_user_info_1a45e200e25f09da6d8b0e7524be94ec15" kind="variable"><name>userid</name></member>
    <member refid="struct_ela_user_info_1a48fc17b321de3bdbae342b8fb673736d" kind="variable"><name>name</name></member>
    <member refid="struct_ela_user_info_1a0b57feee5dd7b7a689efa1d7ad6f9fff" kind="variable"><name>description</name></member>
    <member refid="struct_ela_user_info_1afec47890e6ce8133d63c65a103c0ed91" kind="variable"><name>has_avatar</name></member>
    <member refid="struct_ela_user_info_1a8088de3a6ac45e870db83686b4896950" kind="variable"><name>gender</name></member>
    <member refid="struct_ela_user_info_1a18e59bc92ee70a01000a77c5ee62c7b5" kind="variable"><name>phone</name></member>
    <member refid="struct_ela_user_info_1a375b0298684fee10a40d388191c28b03" kind="variable"><name>email</name></member>
    <member refid="struct_ela_user_info_1a52dd6d8f3fa7ffe9e4bdbce24dabec35" kind="variable"><name>region</name></member>
  </compound>
  <compound refid="ela__carrier_8h" kind="file"><name>ela_carrier.h</name>
    <member refid="ela__carrier_8h_1ab7c7bc9ca8b4439f2ba27ab772fb8c07" kind="define"><name>CARRIER_API</name></member>
    <member refid="ela__carrier_8h_1a30d691ddba4da48be8a317341a0e6d44" kind="define"><name>ELA_MAX_ADDRESS_LEN</name></member>
    <member refid="ela__carrier_8h_1a6dc00e1b62bb272b48384cbdceb8c716" kind="define"><name>ELA_MAX_ID_LEN</name></member>
    <member refid="ela__carrier_8h_1ae364399db077467ea37450d9f04869b6" kind="define"><name>ELA_MAX_USER_NAME_LEN</name></member>
    <member refid="ela__carrier_8h_1aabdc47472a0ca3c9458ef1a7822fde29" kind="define"><name>ELA_MAX_USER_DESCRIPTION_LEN</name></member>
    <member refid="ela__carrier_8h_1a41642637fbcc6c2c186b2e845443c5fe" kind="define"><name>ELA_MAX_PHONE_LEN</name></member>
    <member refid="ela__carrier_8h_1a1af2dfe31d0592cbf38b828575de801e" kind="define"><name>ELA_MAX_EMAIL_LEN</name></member>
    <member refid="ela__carrier_8h_1a4ee718b3c061768125a34f12af2a2f50" kind="define"><name>ELA_MAX_REGION_LEN</name></member>
    <member refid="ela__carrier_8h_1ab0862ebc6773a641a124be03426b36cc" kind="define"><name>ELA_MAX_GENDER_LEN</name></member>
    <member refid="ela__carrier_8h_1a54d36290b66599143cd39cd9cf876898" kind="define"><name>ELA_MAX_NODE_NAME_LEN</name></member>
    <member refid="ela__carrier_8h_1a2a740c078a44ed321ae57ad06713b72f" kind="define"><name>ELA_MAX_NODE_DESCRIPTION_LEN</name></member>
    <member refid="ela__carrier_8h_1ae777eaea0b10691b3c7ec7ac8d45f881" kind="define"><name>ELA_MAX_APP_MESSAGE_LEN</name></member>
    <member refid="ela__carrier_8h_1a1fb2a3882d862f1c494076ba7e4e3a64" kind="define"><name>ELASUCCESS</name></member>
    <member refid="ela__carrier_8h_1a5998d7649acc8c509a36c2c536000379" kind="define"><name>ELAF_GENERAL</name></member>
    <member refid="ela__carrier_8h_1a962ee41f9e712b8bc4399569df898b1a" kind="define"><name>ELAF_SYS</name></member>
    <member refid="ela__carrier_8h_1a0dda14590909410fa4f6f4d78ad7dce1" kind="define"><name>ELAF_HTTP</name></member>
    <member refid="ela__carrier_8h_1a763ee0fede4402584aed6d11156a3873" kind="define"><name>ELAF_RESERVED2</name></member>
    <member refid="ela__carrier_8h_1af217d47b92bcf16f65260b9ee39c437f" kind="define"><name>ELAF_ICE</name></member>
    <member refid="ela__carrier_8h_1aa755aeb83098aaa653096fc6156f96c0" kind="define"><name>ELAF_DHT</name></member>
    <member refid="ela__carrier_8h_1a8417e32e03a0c91e51c2ccc9c038b4b0" kind="define"><name>ELAERR_INVALID_ARGS</name></member>
    <member refid="ela__carrier_8h_1a21313f1841c52138bc0318b9934b2d9b" kind="define"><name>ELAERR_OUT_OF_MEMORY</name></member>
    <member refid="ela__carrier_8h_1aa864c9b7ffbb0bc107c3bf1027600764" kind="define"><name>ELAERR_BUFFER_TOO_SMALL</name></member>
    <member refid="ela__carrier_8h_1ae403ca79b32388804502a26dd06850d1" kind="define"><name>ELAERR_BAD_PERSISTENT_DATA</name></member>
    <member refid="ela__carrier_8h_1a91afce43a0613b735572fe28c2c578d1" kind="define"><name>ELAERR_INVALID_PERSISTENCE_FILE</name></member>
    <member refid="ela__carrier_8h_1a2a549927b6311f99d5d19cd44e5a626a" kind="define"><name>ELAERR_INVALID_CONTROL_PACKET</name></member>
    <member refid="ela__carrier_8h_1a8687f752e5662a30f763becaa1396ece" kind="define"><name>ELAERR_INVALID_CREDENTIAL</name></member>
    <member refid="ela__carrier_8h_1ab8689723c0cb07e8cfb86500d5047454" kind="define"><name>ELAERR_SERVER_FAILED</name></member>
    <member refid="ela__carrier_8h_1a6a722f6fcaa6b1d0b202779df92354b9" kind="define"><name>ELAERR_ALREADY_RUN</name></member>
    <member refid="ela__carrier_8h_1a073d856b57a61bef7a1b03ec181a8da8" kind="define"><name>ELAERR_NOT_READY</name></member>
    <member refid="ela__carrier_8h_1ae465ce4cfb27db38ddfbc5d6b815e122" kind="define"><name>ELAERR_NOT_EXIST</name></member>
    <member refid="ela__carrier_8h_1aef05dc24c493092d2d8c7b9395c94fad" kind="define"><name>ELAERR_ALREADY_EXIST</name></member>
    <member refid="ela__carrier_8h_1a62fc487ea0c0523ccaff3ae54cdef8ce" kind="define"><name>ELAERR_NO_MATCHED_REQUEST</name></member>
    <member refid="ela__carrier_8h_1a82ad01735717a291f88049c1bf00412d" kind="define"><name>ELAERR_INVALID_USERID</name></member>
    <member refid="ela__carrier_8h_1a52dd958f526831616a98a9b82496324a" kind="define"><name>ELAERR_INVALID_NODEID</name></member>
    <member refid="ela__carrier_8h_1a5ba4e971962f23e849e0c1d7a1b8d2fb" kind="define"><name>ELAERR_INVALID_APPID</name></member>
    <member refid="ela__carrier_8h_1a39dfd1f3a4479e8be082662f75aeabda" kind="define"><name>ELAERR_INVALID_DESCRIPTOR</name></member>
    <member refid="ela__carrier_8h_1a62520e9ea2b10cbb92cc4ef7dcfaf959" kind="define"><name>ELAERR_WRONG_STATE</name></member>
    <member refid="ela__carrier_8h_1a7b3ceb6acebefb7cc8a2fe6313058973" kind="define"><name>ELAERR_BUSY</name></member>
    <member refid="ela__carrier_8h_1a9228bf72568db7a05cc5c266603a32ab" kind="define"><name>ELAERR_LANGUAGE_BINDING</name></member>
    <member refid="ela__carrier_8h_1a902247190b4a8ecc687c9cafbb8b6378" kind="define"><name>ELAERR_ENCRYPT</name></member>
    <member refid="ela__carrier_8h_1a30e8206d3ef85e2c296021e4789feaea" kind="define"><name>ELAERR_SDP_TOO_LONG</name></member>
    <member refid="ela__carrier_8h_1add9389911246f595a59f3de52664f5a6" kind="define"><name>ELAERR_INVALID_SDP</name></member>
    <member refid="ela__carrier_8h_1a3570ae492f3b11753f659c0798c88b5d" kind="define"><name>ELAERR_NOT_IMPLEMENTED</name></member>
    <member refid="ela__carrier_8h_1a66591b24ade5c2c1b817508b22e1f0a8" kind="define"><name>ELAERR_LIMIT_EXCEEDED</name></member>
    <member refid="ela__carrier_8h_1a5eca8694fc70ce0a2858a3b9ef144d0b" kind="define"><name>ELAERR_PORT_ALLOC</name></member>
    <member refid="ela__carrier_8h_1ac9c0510daa8fada52a34c40bc89a445b" kind="define"><name>ELAERR_BAD_PROXY_TYPE</name></member>
    <member refid="ela__carrier_8h_1a254c8cc4202970ddd70f0ad9ca472d9d" kind="define"><name>ELAERR_BAD_PROXY_HOST</name></member>
    <member refid="ela__carrier_8h_1a0bd2b7897f6c5591e6e9dbbfe8d1e2b0" kind="define"><name>ELAERR_BAD_PROXY_PORT</name></member>
    <member refid="ela__carrier_8h_1a39ff96f840ba99da79d5eb41e51e1eab" kind="define"><name>ELAERR_PROXY_NOT_AVAILABLE</name></member>
    <member refid="ela__carrier_8h_1a707c528118abef05be9e91a0b54337ff" kind="define"><name>ELAERR_ENCRYPTED_PERSISTENT_DATA</name></member>
    <member refid="ela__carrier_8h_1ade7780440855640a6bc7d82651f4a3d0" kind="define"><name>ELAERR_BAD_BOOTSTRAP_HOST</name></member>
    <member refid="ela__carrier_8h_1aaef89890c37f8e9d9e3c245c795269e7" kind="define"><name>ELAERR_BAD_BOOTSTRAP_PORT</name></member>
    <member refid="ela__carrier_8h_1aa49180ad01770bfd002f8b03d201f50c" kind="define"><name>ELAERR_TOO_LONG</name></member>
    <member refid="ela__carrier_8h_1a31add47eeb570c33c11d74fd43bbcbe6" kind="define"><name>ELAERR_ADD_SELF</name></member>
    <member refid="ela__carrier_8h_1a1c0e9d689ae8b8312ef632178329de3f" kind="define"><name>ELAERR_BAD_ADDRESS</name></member>
    <member refid="ela__carrier_8h_1a58e70410388381b881103a6d26db2832" kind="define"><name>ELAERR_FRIEND_OFFLINE</name></member>
    <member refid="ela__carrier_8h_1ac815cdc597edbcff5b42fb530d0d452a" kind="define"><name>ELAERR_UNKNOWN</name></member>
    <member refid="ela__carrier_8h_1abc805b7c66fd4a8c3a60acd67a7fd3e6" kind="define"><name>ELA_MK_ERROR</name></member>
    <member refid="ela__carrier_8h_1ad6ea3eeac3b02c06ad689423a0040037" kind="define"><name>ELA_GENERAL_ERROR</name></member>
    <member refid="ela__carrier_8h_1a19ded4d1c0a84fb734e48c05c853d13a" kind="define"><name>ELA_SYS_ERROR</name></member>
    <member refid="ela__carrier_8h_1a6fd2f9cede3cc56f80d8f516c6ce91ba" kind="define"><name>ELA_HTTP_ERROR</name></member>
    <member refid="ela__carrier_8h_1a9914934dc3de4dcf77ce58fcdc3d6777" kind="define"><name>ELA_ICE_ERROR</name></member>
    <member refid="ela__carrier_8h_1a0e55a4025e1bda00aed0be70675d4ed7" kind="define"><name>ELA_DHT_ERROR</name></member>
    <member refid="ela__carrier_8h_1a4fbef6bea7b800657c1ea4d56be02c61" kind="enum"><name>ElaLogLevel</name></member>
    <member refid="ela__carrier_8h_1a4fbef6bea7b800657c1ea4d56be02c61a800b49e6551a34d6c0da51dcd1ca1b3c" kind="enumvalue"><name>ElaLogLevel_None</name></member>
    <member refid="ela__carrier_8h_1a4fbef6bea7b800657c1ea4d56be02c61a0875fc122998d076f09f9a390dac6d7e" kind="enumvalue"><name>ElaLogLevel_Fatal</name></member>
    <member refid="ela__carrier_8h_1a4fbef6bea7b800657c1ea4d56be02c61ac22515b5fec96b82bc3afba6ae5955da" kind="enumvalue"><name>ElaLogLevel_Error</name></member>
    <member refid="ela__carrier_8h_1a4fbef6bea7b800657c1ea4d56be02c61af09f1f33585da241bbf37de4aa4329df" kind="enumvalue"><name>ElaLogLevel_Warning</name></member>
    <member refid="ela__carrier_8h_1a4fbef6bea7b800657c1ea4d56be02c61a51ddf055c898234e9fc7103c82cd5310" kind="enumvalue"><name>ElaLogLevel_Info</name></member>
    <member refid="ela__carrier_8h_1a4fbef6bea7b800657c1ea4d56be02c61a498fe3976df73458127b99b60f9ed599" kind="enumvalue"><name>ElaLogLevel_Debug</name></member>
    <member refid="ela__carrier_8h_1a4fbef6bea7b800657c1ea4d56be02c61aaa0ee7be1a52ac81394348ce4bae5a0d" kind="enumvalue"><name>ElaLogLevel_Trace</name></member>
    <member refid="ela__carrier_8h_1a4fbef6bea7b800657c1ea4d56be02c61ab437ce2751cef3e5a0dc29e707a06f55" kind="enumvalue"><name>ElaLogLevel_Verbose</name></member>
    <member refid="ela__carrier_8h_1a9f42c35a0d0a1f96c5a183f8a63595cc" kind="enum"><name>ElaConnectionStatus</name></member>
    <member refid="ela__carrier_8h_1a9f42c35a0d0a1f96c5a183f8a63595cca95823e58bf301e575e693fe9fdf3f94e" kind="enumvalue"><name>ElaConnectionStatus_Connected</name></member>
    <member refid="ela__carrier_8h_1a9f42c35a0d0a1f96c5a183f8a63595cca4945ebbe2a2a937b3ac7e8d430129223" kind="enumvalue"><name>ElaConnectionStatus_Disconnected</name></member>
    <member refid="ela__carrier_8h_1a35a45fd5442b436b17e9aa05b0cbe719" kind="enum"><name>ElaPresenceStatus</name></member>
    <member refid="ela__carrier_8h_1a35a45fd5442b436b17e9aa05b0cbe719a57b95e289137798b72dc7df21e756f6c" kind="enumvalue"><name>ElaPresenceStatus_None</name></member>
    <member refid="ela__carrier_8h_1a35a45fd5442b436b17e9aa05b0cbe719ac77774a8cf4805285c8b0f6e95785741" kind="enumvalue"><name>ElaPresenceStatus_Away</name></member>
    <member refid="ela__carrier_8h_1a35a45fd5442b436b17e9aa05b0cbe719a64b923347381d5520f3a780e378d7d00" kind="enumvalue"><name>ElaPresenceStatus_Busy</name></member>
    <member refid="ela__carrier_8h_1aee303b0f8ce96b5d1a9685d40ac1b118" kind="typedef"><name>ElaCarrier</name></member>
    <member refid="ela__carrier_8h_1a105b8d65160fb6674b1a081a7e8580f6" kind="typedef"><name>BootstrapNode</name></member>
    <member refid="ela__carrier_8h_1a00073a62894941062fdd1df23995d777" kind="typedef"><name>ElaOptions</name></member>
    <member refid="ela__carrier_8h_1ac61c2fbec0a78a7b31a4f72ed9d5ec71" kind="typedef"><name>ElaLogLevel</name></member>
    <member refid="ela__carrier_8h_1a63b4c9bdd9193e5b25eb6d56721089fb" kind="typedef"><name>ElaConnectionStatus</name></member>
    <member refid="ela__carrier_8h_1a0b4f49a1c7743e80bc79ccca0d4bc351" kind="typedef"><name>ElaPresenceStatus</name></member>
    <member refid="ela__carrier_8h_1a9c1675885508effa7b553cfd0874b8e1" kind="typedef"><name>ElaUserInfo</name></member>
    <member refid="ela__carrier_8h_1a6e4856144c7632d30f25e2bc3700b007" kind="typedef"><name>ElaFriendInfo</name></member>
    <member refid="ela__carrier_8h_1a96120ca70101ed3e4df98bae76bcbaf7" kind="typedef"><name>ElaCallbacks</name></member>
    <member refid="ela__carrier_8h_1a57fdbe4b1c9a04922916ab85bb9f09ee" kind="typedef"><name>ElaFriendsIterateCallback</name></member>
    <member refid="ela__carrier_8h_1a8aee0db912c88ff2fb4e2a689e4626d5" kind="typedef"><name>ElaFriendInviteResponseCallback</name></member>
    <member refid="ela__carrier_8h_1a25d69a3cf05cc0864c12815c41523c3c" kind="function"><name>ela_get_version</name></member>
    <member refid="ela__carrier_8h_1a079b8b6a8ad7a7127961a39f69ef047d" kind="function"><name>ela_log_init</name></member>
    <member refid="ela__carrier_8h_1afb6c2ef14281a26ff9fa51ad66df1be1" kind="function"><name>ela_address_is_valid</name></member>
    <member refid="ela__carrier_8h_1ab1e95f87d1125c3e959a0d57598fcc0d" kind="function"><name>ela_id_is_valid</name></member>
    <member refid="ela__carrier_8h_1a995d3ebadb898c266f58254af071ab12" kind="function"><name>ela_get_id_by_address</name></member>
    <member refid="ela__carrier_8h_1aed2a6c3733b737f89f20505d49383426" kind="function"><name>ela_new</name></member>
    <member refid="ela__carrier_8h_1aa4adf481aa2cedd10995b9a1da5b1d06" kind="function"><name>ela_kill</name></member>
    <member refid="ela__carrier_8h_1a635df1fde423e76930251cf340264963" kind="function"><name>ela_run</name></member>
    <member refid="ela__carrier_8h_1ad6de8d00ac97496ac3f9748f498f3318" kind="function"><name>ela_get_address</name></member>
    <member refid="ela__carrier_8h_1a8bb41e1449e33c2fd5fc8804561286b6" kind="function"><name>ela_get_nodeid</name></member>
    <member refid="ela__carrier_8h_1acdb2e179304db0806ea8144194304348" kind="function"><name>ela_get_userid</name></member>
    <member refid="ela__carrier_8h_1a0737515d593e95f7d08557f1737b2ebf" kind="function"><name>ela_set_self_nospam</name></member>
    <member refid="ela__carrier_8h_1a8ed7086bf941c3349a1a81ee79c0ba5c" kind="function"><name>ela_get_self_nospam</name></member>
    <member refid="ela__carrier_8h_1a136b624184ca5876527b73be356dee5c" kind="function"><name>ela_set_self_info</name></member>
    <member refid="ela__carrier_8h_1a60b192047901e5ea4a8734cda762d35e" kind="function"><name>ela_get_self_info</name></member>
    <member refid="ela__carrier_8h_1a18850fd98c36cd5368a0c7457ec8ef80" kind="function"><name>ela_set_self_presence</name></member>
    <member refid="ela__carrier_8h_1a2eb75eb52fd357eeed4806f0142b2b30" kind="function"><name>ela_get_self_presence</name></member>
    <member refid="ela__carrier_8h_1a8a1cfc300d079404f403523c64e3e700" kind="function"><name>ela_is_ready</name></member>
    <member refid="ela__carrier_8h_1a1b2320b5c847adb887c334600d0acc4d" kind="function"><name>ela_get_friends</name></member>
    <member refid="ela__carrier_8h_1ab6bb799772bb51bb6f3b4c9cded96552" kind="function"><name>ela_get_friend_info</name></member>
    <member refid="ela__carrier_8h_1ad9c95d7f71b87c01468b6fd0d8aec60c" kind="function"><name>ela_set_friend_label</name></member>
    <member refid="ela__carrier_8h_1a4cdfea016f74fee7d52207c1f7af3cb8" kind="function"><name>ela_is_friend</name></member>
    <member refid="ela__carrier_8h_1a222331bc70aaad84f64b12be98fd16fd" kind="function"><name>ela_add_friend</name></member>
    <member refid="ela__carrier_8h_1a93a2087813b9437b0f455becf1c45300" kind="function"><name>ela_accept_friend</name></member>
    <member refid="ela__carrier_8h_1aa321287317f210ccffef4e51634df862" kind="function"><name>ela_remove_friend</name></member>
    <member refid="ela__carrier_8h_1a335a0b17b8c24a6f6a5bbe9fbabad093" kind="function"><name>ela_send_friend_message</name></member>
    <member refid="ela__carrier_8h_1acc544258e918ba694bcde738bafe3777" kind="function"><name>ela_invite_friend</name></member>
    <member refid="ela__carrier_8h_1ae9c4419f9f3f66a7eb37fa93914f2dd8" kind="function"><name>ela_reply_friend_invite</name></member>
    <member refid="ela__carrier_8h_1aa408af4bdc07a67fe0be07bb4c946a0c" kind="function"><name>ela_get_error</name></member>
    <member refid="ela__carrier_8h_1ad5a722e7e5f345d3e1fb5b21d19c5e99" kind="function"><name>ela_clear_error</name></member>
  </compound>
  <compound refid="ela__session_8h" kind="file"><name>ela_session.h</name>
    <member refid="ela__session_8h_1acd4eac5c1510d2b79b0401c5cb4cbfc5" kind="define"><name>ELA_MAX_IP_STRING_LEN</name></member>
    <member refid="ela__session_8h_1a285d261f83f365757df66e417b5df483" kind="define"><name>ELA_MAX_USER_DATA_LEN</name></member>
    <member refid="ela__session_8h_1acd5104dcf5e84c090c7c1b8d64019b18" kind="define"><name>ELA_STREAM_COMPRESS</name></member>
    <member refid="ela__session_8h_1aa42f641065310edf43b5edac2a6a94c7" kind="define"><name>ELA_STREAM_PLAIN</name></member>
    <member refid="ela__session_8h_1aae31d7db31c3b404b3c4bfa3a114d169" kind="define"><name>ELA_STREAM_RELIABLE</name></member>
    <member refid="ela__session_8h_1a3e37bd3d7d0bd861f829f0b78f02af71" kind="define"><name>ELA_STREAM_MULTIPLEXING</name></member>
    <member refid="ela__session_8h_1a5590e2fac0be1503d74d73af5d9bf736" kind="define"><name>ELA_STREAM_PORT_FORWARDING</name></member>
    <member refid="ela__session_8h_1a44c1fe677d0e31759da1cac46e4e2fc1" kind="enum"><name>ElaStreamType</name></member>
    <member refid="ela__session_8h_1a44c1fe677d0e31759da1cac46e4e2fc1ad3ea56ccddb490703d1391b2533e0372" kind="enumvalue"><name>ElaStreamType_audio</name></member>
    <member refid="ela__session_8h_1a44c1fe677d0e31759da1cac46e4e2fc1a52ce666e4a7f44c6e58d85a44e68730b" kind="enumvalue"><name>ElaStreamType_video</name></member>
    <member refid="ela__session_8h_1a44c1fe677d0e31759da1cac46e4e2fc1a060f6ff9282f9e3e9b95ddae14204894" kind="enumvalue"><name>ElaStreamType_text</name></member>
    <member refid="ela__session_8h_1a44c1fe677d0e31759da1cac46e4e2fc1ab5520e90fbafe12be26adaf1e76127bc" kind="enumvalue"><name>ElaStreamType_application</name></member>
    <member refid="ela__session_8h_1a44c1fe677d0e31759da1cac46e4e2fc1a2f3e8704e300420df70a1255207eb8ad" kind="enumvalue"><name>ElaStreamType_message</name></member>
    <member refid="ela__session_8h_1a43a6a74f9e6c9e109f5b890f93d74637" kind="enum"><name>ElaCandidateType</name></member>
    <member refid="ela__session_8h_1a43a6a74f9e6c9e109f5b890f93d74637ad67d3a86e4e4852925e1e8c030162fde" kind="enumvalue"><name>ElaCandidateType_Host</name></member>
    <member refid="ela__session_8h_1a43a6a74f9e6c9e109f5b890f93d74637af616fc1de0073ea4f40ac21628139546" kind="enumvalue"><name>ElaCandidateType_ServerReflexive</name></member>
    <member refid="ela__session_8h_1a43a6a74f9e6c9e109f5b890f93d74637a61d7256cc1edc17db46b94bf05cc511f" kind="enumvalue"><name>ElaCandidateType_PeerReflexive</name></member>
    <member refid="ela__session_8h_1a43a6a74f9e6c9e109f5b890f93d74637ab666efed7016218a6d8f5941db577a0f" kind="enumvalue"><name>ElaCandidateType_Relayed</name></member>
    <member refid="ela__session_8h_1a0fc11e5ccc3542e08d9f2ba3508c6482" kind="enum"><name>ElaNetworkTopology</name></member>
    <member refid="ela__session_8h_1a0fc11e5ccc3542e08d9f2ba3508c6482ad66ae5a0ae38fb8620c61c3a139ceb0e" kind="enumvalue"><name>ElaNetworkTopology_LAN</name></member>
    <member refid="ela__session_8h_1a0fc11e5ccc3542e08d9f2ba3508c6482ab9b0783787297fa216e982f26f5434e6" kind="enumvalue"><name>ElaNetworkTopology_P2P</name></member>
    <member refid="ela__session_8h_1a0fc11e5ccc3542e08d9f2ba3508c6482a0e77991ec4129c62ed5330d6fbfc1ba2" kind="enumvalue"><name>ElaNetworkTopology_RELAYED</name></member>
    <member refid="ela__session_8h_1af29247cdcd24607b186d11e7f5220c34" kind="enum"><name>ElaStreamState</name></member>
    <member refid="ela__session_8h_1af29247cdcd24607b186d11e7f5220c34a9fc4b6b5f488b8802a6bef79eeb9deca" kind="enumvalue"><name>ElaStreamState_initialized</name></member>
    <member refid="ela__session_8h_1af29247cdcd24607b186d11e7f5220c34a74acfd88e6ea836c2e55bd8cc1d761ff" kind="enumvalue"><name>ElaStreamState_transport_ready</name></member>
    <member refid="ela__session_8h_1af29247cdcd24607b186d11e7f5220c34a9373953c48111c9559a87517bf1be7e8" kind="enumvalue"><name>ElaStreamState_connecting</name></member>
    <member refid="ela__session_8h_1af29247cdcd24607b186d11e7f5220c34aca42d77d6581b3a1e30afc7dad6e64cd" kind="enumvalue"><name>ElaStreamState_connected</name></member>
    <member refid="ela__session_8h_1af29247cdcd24607b186d11e7f5220c34afb5574a1d7696eb00f539543e0dac5ae" kind="enumvalue"><name>ElaStreamState_deactivated</name></member>
    <member refid="ela__session_8h_1af29247cdcd24607b186d11e7f5220c34aeefe20648920f0400f8d6aca138af154" kind="enumvalue"><name>ElaStreamState_closed</name></member>
    <member refid="ela__session_8h_1af29247cdcd24607b186d11e7f5220c34a9030033e4574738adf416a0f4d972d26" kind="enumvalue"><name>ElaStreamState_failed</name></member>
    <member refid="ela__session_8h_1af1d6b6501b42429c2dc77625d124e660" kind="enum"><name>PortForwardingProtocol</name></member>
    <member refid="ela__session_8h_1af1d6b6501b42429c2dc77625d124e660a93fbf0348cbb66acb202b0f918f67027" kind="enumvalue"><name>PortForwardingProtocol_TCP</name></member>
    <member refid="ela__session_8h_1a2af9150cca99c965611884e1a48ff18d" kind="enum"><name>CloseReason</name></member>
    <member refid="ela__session_8h_1a2af9150cca99c965611884e1a48ff18daec7ae6ac5b28031144c48fd98d648fdd" kind="enumvalue"><name>CloseReason_Normal</name></member>
    <member refid="ela__session_8h_1a2af9150cca99c965611884e1a48ff18da9c0092bb7ea768084accf5eab788758c" kind="enumvalue"><name>CloseReason_Timeout</name></member>
    <member refid="ela__session_8h_1a2af9150cca99c965611884e1a48ff18da79e3416261426d63c5eb34a2e6aad630" kind="enumvalue"><name>CloseReason_Error</name></member>
    <member refid="ela__session_8h_1a36f66158048efb0e8d099e0fa656607f" kind="typedef"><name>ElaSession</name></member>
    <member refid="ela__session_8h_1a613bf20d3d277272a091147d6d22eaac" kind="typedef"><name>ElaStreamType</name></member>
    <member refid="ela__session_8h_1a2e26f78579cf8b675a494fdb3f47f953" kind="typedef"><name>ElaCandidateType</name></member>
    <member refid="ela__session_8h_1a88a4d2b66ca4f1697e0c1376c7eff1d3" kind="typedef"><name>ElaNetworkTopology</name></member>
    <member refid="ela__session_8h_1a6dd3acc9e7c51e731ba2c1a85e085ba5" kind="typedef"><name>ElaAddressInfo</name></member>
    <member refid="ela__session_8h_1a241be1e9f2d3c67561341a33ddca1dff" kind="typedef"><name>ElaTransportInfo</name></member>
    <member refid="ela__session_8h_1a171b7fc81bbe58d57a90afcce5225c8b" kind="typedef"><name>ElaSessionRequestCallback</name></member>
    <member refid="ela__session_8h_1a70310735e7bd498c81ef6203ed12ff84" kind="typedef"><name>ElaSessionRequestCompleteCallback</name></member>
    <member refid="ela__session_8h_1a25e09f815466df9c3f55952c8af241f2" kind="typedef"><name>ElaStreamState</name></member>
    <member refid="ela__session_8h_1a4f962743013b4d7c5d6644513b036a11" kind="typedef"><name>PortForwardingProtocol</name></member>
    <member refid="ela__session_8h_1a677e69b5abeacd44df481ed9645ac5b6" kind="typedef"><name>CloseReason</name></member>
    <member refid="ela__session_8h_1a0fb99b0fa1ae6e178dae1312d5724589" kind="typedef"><name>ElaStreamCallbacks</name></member>
    <member refid="ela__session_8h_1abdb2db2bab10dbcd128e2569af04fe3b" kind="function"><name>ela_session_init</name></member>
    <member refid="ela__session_8h_1a95d15725798176814e34fddc65eb9a8c" kind="function"><name>ela_session_cleanup</name></member>
    <member refid="ela__session_8h_1ab8612ec5e451d477a4294e805aa5e275" kind="function"><name>ela_session_new</name></member>
    <member refid="ela__session_8h_1a1fc8b8b1bd4add32ad04b9a3a81d490b" kind="function"><name>ela_session_close</name></member>
    <member refid="ela__session_8h_1a09636eaf01b9d71692b0cddb65d8da5c" kind="function"><name>ela_session_get_peer</name></member>
    <member refid="ela__session_8h_1a5248ec50425f85d8a228ae088cf99145" kind="function"><name>ela_session_set_userdata</name></member>
    <member refid="ela__session_8h_1a1e3abb1adcf85038e23429e1fddadf08" kind="function"><name>ela_session_get_userdata</name></member>
    <member refid="ela__session_8h_1ab2ed53ea27a25663283d22d35c243077" kind="function"><name>ela_session_request</name></member>
    <member refid="ela__session_8h_1a561fa60f8f48094a111de476085954bd" kind="function"><name>ela_session_reply_request</name></member>
    <member refid="ela__session_8h_1a7a6cf64293d8a40b4345934fe85edf30" kind="function"><name>ela_session_start</name></member>
    <member refid="ela__session_8h_1ab32a6e8c84f563cec395b4c613ee36e3" kind="function"><name>ela_session_add_stream</name></member>
    <member refid="ela__session_8h_1a9233c9ff8f4bb36ac3ccbe2640b69518" kind="function"><name>ela_session_remove_stream</name></member>
    <member refid="ela__session_8h_1ab93998ed3265bdea55483fce290a9f7a" kind="function"><name>ela_session_add_service</name></member>
    <member refid="ela__session_8h_1a42e312b143848e3e5812927ab4d8f1c3" kind="function"><name>ela_session_remove_service</name></member>
    <member refid="ela__session_8h_1abbe977d19ce37c0ca52a010e5bd4f1f1" kind="function"><name>ela_stream_get_type</name></member>
    <member refid="ela__session_8h_1a4d7d4fa233de8f3c1160e491a28c748b" kind="function"><name>ela_stream_get_state</name></member>
    <member refid="ela__session_8h_1ac8b801f5d41c5d973bade31891ab6810" kind="function"><name>ela_stream_get_transport_info</name></member>
    <member refid="ela__session_8h_1a314d34ce42f9dcfe9df1d1c2822e9047" kind="function"><name>ela_stream_write</name></member>
    <member refid="ela__session_8h_1ab614a1299737e351d733ebeef5c1a34e" kind="function"><name>ela_stream_open_channel</name></member>
    <member refid="ela__session_8h_1a3ac96e5f59e6aa29acd8913aa03f4f38" kind="function"><name>ela_stream_close_channel</name></member>
    <member refid="ela__session_8h_1ac164ad8a560783331e00089826c9f82b" kind="function"><name>ela_stream_write_channel</name></member>
    <member refid="ela__session_8h_1a93ae8de85e98f2500da0d5e7ec4b0b05" kind="function"><name>ela_stream_pend_channel</name></member>
    <member refid="ela__session_8h_1aaaa3614bdfce48ece538b6d46094211d" kind="function"><name>ela_stream_resume_channel</name></member>
    <member refid="ela__session_8h_1adbc4ab61eb4d1ae71807d29336316afb" kind="function"><name>ela_stream_open_port_forwarding</name></member>
    <member refid="ela__session_8h_1aeced335cd389ae1319a1f81696a87566" kind="function"><name>ela_stream_close_port_forwarding</name></member>
  </compound>
  <compound refid="dir_d29cbcd98482a72b855019973a2ab64e" kind="dir"><name>/home/elastos/Projects/src/carrier</name>
  </compound>
  <compound refid="dir_53e88f7fa585331171beac223e0e5b81" kind="dir"><name>/home/elastos/Projects/src/session</name>
  </compound>
  <compound refid="dir_68267d1309a1af8e8297ef4c3efbcdba" kind="dir"><name>/home/elastos/Projects/src</name>
  </compound>
</doxygenindex>
