<?xml version='1.0' encoding='UTF-8' standalone='no'?>
<doxygen xmlns:xsi="http://www.w3.org/2001/XMLSchema-instance" xsi:noNamespaceSchemaLocation="compound.xsd" version="1.8.11">
  <compounddef id="struct_ela_user_info" kind="struct" language="C++" prot="public">
    <compoundname>ElaUserInfo</compoundname>
    <includes refid="ela__carrier_8h" local="no">ela_carrier.h</includes>
      <sectiondef kind="public-attrib">
      <memberdef kind="variable" id="struct_ela_user_info_1a45e200e25f09da6d8b0e7524be94ec15" prot="public" static="no" mutable="no">
        <type>char</type>
        <definition>char ElaUserInfo::userid[ELA_MAX_ID_LEN+1]</definition>
        <argsstring>[ELA_MAX_ID_LEN+1]</argsstring>
        <name>userid</name>
        <briefdescription>
<para>User ID. </para>        </briefdescription>
        <detaileddescription>
<para>Read only to application. </para>        </detaileddescription>
        <inbodydescription>
        </inbodydescription>
        <location file="/home/elastos/Projects/src/carrier/ela_carrier.h" line="327" column="1" bodyfile="/home/elastos/Projects/src/carrier/ela_carrier.h" bodystart="327" bodyend="-1"/>
      </memberdef>
      <memberdef kind="variable" id="struct_ela_user_info_1a48fc17b321de3bdbae342b8fb673736d" prot="public" static="no" mutable="no">
        <type>char</type>
        <definition>char ElaUserInfo::name[ELA_MAX_USER_NAME_LEN+1]</definition>
        <argsstring>[ELA_MAX_USER_NAME_LEN+1]</argsstring>
        <name>name</name>
        <briefdescription>
<para>Nickname, also known as display name. </para>        </briefdescription>
        <detaileddescription>
        </detaileddescription>
        <inbodydescription>
        </inbodydescription>
        <location file="/home/elastos/Projects/src/carrier/ela_carrier.h" line="332" column="1" bodyfile="/home/elastos/Projects/src/carrier/ela_carrier.h" bodystart="332" bodyend="-1"/>
      </memberdef>
      <memberdef kind="variable" id="struct_ela_user_info_1a0b57feee5dd7b7a689efa1d7ad6f9fff" prot="public" static="no" mutable="no">
        <type>char</type>
        <definition>char ElaUserInfo::description[ELA_MAX_USER_DESCRIPTION_LEN+1]</definition>
        <argsstring>[ELA_MAX_USER_DESCRIPTION_LEN+1]</argsstring>
        <name>description</name>
        <briefdescription>
<para>User&apos;s description, also known as what&apos;s up. </para>        </briefdescription>
        <detaileddescription>
        </detaileddescription>
        <inbodydescription>
        </inbodydescription>
        <location file="/home/elastos/Projects/src/carrier/ela_carrier.h" line="337" column="1" bodyfile="/home/elastos/Projects/src/carrier/ela_carrier.h" bodystart="337" bodyend="-1"/>
      </memberdef>
      <memberdef kind="variable" id="struct_ela_user_info_1afec47890e6ce8133d63c65a103c0ed91" prot="public" static="no" mutable="no">
        <type>int</type>
        <definition>int ElaUserInfo::has_avatar</definition>
        <argsstring></argsstring>
        <name>has_avatar</name>
        <briefdescription>
<para>If user has an avatar. </para>        </briefdescription>
        <detaileddescription>
        </detaileddescription>
        <inbodydescription>
        </inbodydescription>
        <location file="/home/elastos/Projects/src/carrier/ela_carrier.h" line="342" column="1" bodyfile="/home/elastos/Projects/src/carrier/ela_carrier.h" bodystart="342" bodyend="-1"/>
      </memberdef>
      <memberdef kind="variable" id="struct_ela_user_info_1a8088de3a6ac45e870db83686b4896950" prot="public" static="no" mutable="no">
        <type>char</type>
        <definition>char ElaUserInfo::gender[ELA_MAX_GENDER_LEN+1]</definition>
        <argsstring>[ELA_MAX_GENDER_LEN+1]</argsstring>
        <name>gender</name>
        <briefdescription>
<para>User&apos;s gender. </para>        </briefdescription>
        <detaileddescription>
        </detaileddescription>
        <inbodydescription>
        </inbodydescription>
        <location file="/home/elastos/Projects/src/carrier/ela_carrier.h" line="347" column="1" bodyfile="/home/elastos/Projects/src/carrier/ela_carrier.h" bodystart="347" bodyend="-1"/>
      </memberdef>
      <memberdef kind="variable" id="struct_ela_user_info_1a18e59bc92ee70a01000a77c5ee62c7b5" prot="public" static="no" mutable="no">
        <type>char</type>
        <definition>char ElaUserInfo::phone[ELA_MAX_PHONE_LEN+1]</definition>
        <argsstring>[ELA_MAX_PHONE_LEN+1]</argsstring>
        <name>phone</name>
        <briefdescription>
<para>User&apos;s phone number. </para>        </briefdescription>
        <detaileddescription>
        </detaileddescription>
        <inbodydescription>
        </inbodydescription>
        <location file="/home/elastos/Projects/src/carrier/ela_carrier.h" line="352" column="1" bodyfile="/home/elastos/Projects/src/carrier/ela_carrier.h" bodystart="352" bodyend="-1"/>
      </memberdef>
      <memberdef kind="variable" id="struct_ela_user_info_1a375b0298684fee10a40d388191c28b03" prot="public" static="no" mutable="no">
        <type>char</type>
        <definition>char ElaUserInfo::email[ELA_MAX_EMAIL_LEN+1]</definition>
        <argsstring>[ELA_MAX_EMAIL_LEN+1]</argsstring>
        <name>email</name>
        <briefdescription>
<para>User&apos;s email address. </para>        </briefdescription>
        <detaileddescription>
        </detaileddescription>
        <inbodydescription>
        </inbodydescription>
        <location file="/home/elastos/Projects/src/carrier/ela_carrier.h" line="357" column="1" bodyfile="/home/elastos/Projects/src/carrier/ela_carrier.h" bodystart="357" bodyend="-1"/>
      </memberdef>
      <memberdef kind="variable" id="struct_ela_user_info_1a52dd6d8f3fa7ffe9e4bdbce24dabec35" prot="public" static="no" mutable="no">
        <type>char</type>
        <definition>char ElaUserInfo::region[ELA_MAX_REGION_LEN+1]</definition>
        <argsstring>[ELA_MAX_REGION_LEN+1]</argsstring>
        <name>region</name>
        <briefdescription>
<para>User&apos;s region information. </para>        </briefdescription>
        <detaileddescription>
        </detaileddescription>
        <inbodydescription>
        </inbodydescription>
        <location file="/home/elastos/Projects/src/carrier/ela_carrier.h" line="362" column="1" bodyfile="/home/elastos/Projects/src/carrier/ela_carrier.h" bodystart="362" bodyend="-1"/>
      </memberdef>
      </sectiondef>
    <briefdescription>
<para>A structure representing the Carrier user information. </para>    </briefdescription>
    <detaileddescription>
<para>In Carrier SDK, self and all friends are carrier user, and have same user attributes. </para>    </detaileddescription>
    <location file="/home/elastos/Projects/src/carrier/ela_carrier.h" line="322" column="1" bodyfile="/home/elastos/Projects/src/carrier/ela_carrier.h" bodystart="322" bodyend="363"/>
    <listofallmembers>
      <member refid="struct_ela_user_info_1a0b57feee5dd7b7a689efa1d7ad6f9fff" prot="public" virt="non-virtual"><scope>ElaUserInfo</scope><name>description</name></member>
      <member refid="struct_ela_user_info_1a375b0298684fee10a40d388191c28b03" prot="public" virt="non-virtual"><scope>ElaUserInfo</scope><name>email</name></member>
      <member refid="struct_ela_user_info_1a8088de3a6ac45e870db83686b4896950" prot="public" virt="non-virtual"><scope>ElaUserInfo</scope><name>gender</name></member>
      <member refid="struct_ela_user_info_1afec47890e6ce8133d63c65a103c0ed91" prot="public" virt="non-virtual"><scope>ElaUserInfo</scope><name>has_avatar</name></member>
      <member refid="struct_ela_user_info_1a48fc17b321de3bdbae342b8fb673736d" prot="public" virt="non-virtual"><scope>ElaUserInfo</scope><name>name</name></member>
      <member refid="struct_ela_user_info_1a18e59bc92ee70a01000a77c5ee62c7b5" prot="public" virt="non-virtual"><scope>ElaUserInfo</scope><name>phone</name></member>
      <member refid="struct_ela_user_info_1a52dd6d8f3fa7ffe9e4bdbce24dabec35" prot="public" virt="non-virtual"><scope>ElaUserInfo</scope><name>region</name></member>
      <member refid="struct_ela_user_info_1a45e200e25f09da6d8b0e7524be94ec15" prot="public" virt="non-virtual"><scope>ElaUserInfo</scope><name>userid</name></member>
    </listofallmembers>
  </compounddef>
</doxygen>
