<?xml version='1.0' encoding='UTF-8' standalone='no'?>
<doxygen xmlns:xsi="http://www.w3.org/2001/XMLSchema-instance" xsi:noNamespaceSchemaLocation="compound.xsd" version="1.8.11">
  <compounddef id="struct_ela_stream_callbacks" kind="struct" language="C++" prot="public">
    <compoundname>ElaStreamCallbacks</compoundname>
    <includes refid="ela__session_8h" local="no">ela_session.h</includes>
      <sectiondef kind="public-attrib">
      <memberdef kind="variable" id="struct_ela_stream_callbacks_1ab5dd3527e3072d8db02c8fcb29896e4c" prot="public" static="no" mutable="no">
        <type>void(*</type>
        <definition>void(* ElaStreamCallbacks::state_changed) (ElaSession *session, int stream, ElaStreamState state, void *context)</definition>
        <argsstring>)(ElaSession *session, int stream, ElaStreamState state, void *context)</argsstring>
        <name>state_changed</name>
        <briefdescription>
<para>Callback to report status of various stream operations. </para>        </briefdescription>
        <detaileddescription>
<para><parameterlist kind="param"><parameteritem>
<parameternamelist>
<parametername>session</parametername>
</parameternamelist>
<parameterdescription>
<para>[in] The handle to the ElaSession. </para></parameterdescription>
</parameteritem>
<parameteritem>
<parameternamelist>
<parametername>stream</parametername>
</parameternamelist>
<parameterdescription>
<para>[in] The stream ID. </para></parameterdescription>
</parameteritem>
<parameteritem>
<parameternamelist>
<parametername>state</parametername>
</parameternamelist>
<parameterdescription>
<para>[in] Stream state defined in ElaStreamState. </para></parameterdescription>
</parameteritem>
<parameteritem>
<parameternamelist>
<parametername>context</parametername>
</parameternamelist>
<parameterdescription>
<para>[in] The application defined context data. </para></parameterdescription>
</parameteritem>
</parameterlist>
</para>        </detaileddescription>
        <inbodydescription>
        </inbodydescription>
        <location file="/home/elastos/Projects/src/session/ela_session.h" line="493" column="1" bodyfile="/home/elastos/Projects/src/session/ela_session.h" bodystart="493" bodyend="-1"/>
      </memberdef>
      <memberdef kind="variable" id="struct_ela_stream_callbacks_1acc93fdbd62294276e9c0f3ac1ef29e2d" prot="public" static="no" mutable="no">
        <type>void(*</type>
        <definition>void(* ElaStreamCallbacks::stream_data) (ElaSession *session, int stream, const void *data, size_t len, void *context)</definition>
        <argsstring>)(ElaSession *session, int stream, const void *data, size_t len, void *context)</argsstring>
        <name>stream_data</name>
        <briefdescription>
<para>Callback will be called when the stream receives incoming packet. </para>        </briefdescription>
        <detaileddescription>
<para>If the stream enabled multiplexing mode, application will not receive stream_data callback any more. All data will reported as multiplexing channel data.</para><para><parameterlist kind="param"><parameteritem>
<parameternamelist>
<parametername>session</parametername>
</parameternamelist>
<parameterdescription>
<para>[in] The handle to the ElaSession. </para></parameterdescription>
</parameteritem>
<parameteritem>
<parameternamelist>
<parametername>stream</parametername>
</parameternamelist>
<parameterdescription>
<para>[in] The stream ID. </para></parameterdescription>
</parameteritem>
<parameteritem>
<parameternamelist>
<parametername>data</parametername>
</parameternamelist>
<parameterdescription>
<para>[in] The received packet data. </para></parameterdescription>
</parameteritem>
<parameteritem>
<parameternamelist>
<parametername>len</parametername>
</parameternamelist>
<parameterdescription>
<para>[in] The received data length. </para></parameterdescription>
</parameteritem>
<parameteritem>
<parameternamelist>
<parametername>context</parametername>
</parameternamelist>
<parameterdescription>
<para>[in] The application defined context data. </para></parameterdescription>
</parameteritem>
</parameterlist>
</para>        </detaileddescription>
        <inbodydescription>
        </inbodydescription>
        <location file="/home/elastos/Projects/src/session/ela_session.h" line="517" column="1" bodyfile="/home/elastos/Projects/src/session/ela_session.h" bodystart="517" bodyend="-1"/>
      </memberdef>
      <memberdef kind="variable" id="struct_ela_stream_callbacks_1aaf9b310e2e6e08b43c92c9f15036210f" prot="public" static="no" mutable="no">
        <type>bool(*</type>
        <definition>bool(* ElaStreamCallbacks::channel_open) (ElaSession *session, int stream, int channel, const char *cookie, void *context)</definition>
        <argsstring>)(ElaSession *session, int stream, int channel, const char *cookie, void *context)</argsstring>
        <name>channel_open</name>
        <briefdescription>
<para>Callback will be called when new multiplexing channel request to open. </para>        </briefdescription>
        <detaileddescription>
<para><parameterlist kind="param"><parameteritem>
<parameternamelist>
<parametername>session</parametername>
</parameternamelist>
<parameterdescription>
<para>[in] The handle to the ElaSession. </para></parameterdescription>
</parameteritem>
<parameteritem>
<parameternamelist>
<parametername>stream</parametername>
</parameternamelist>
<parameterdescription>
<para>[in] The stream ID. </para></parameterdescription>
</parameteritem>
<parameteritem>
<parameternamelist>
<parametername>channel</parametername>
</parameternamelist>
<parameterdescription>
<para>[in] The current channel ID. </para></parameterdescription>
</parameteritem>
<parameteritem>
<parameternamelist>
<parametername>cookie</parametername>
</parameternamelist>
<parameterdescription>
<para>[in] Application defined string data receive from peer. </para></parameterdescription>
</parameteritem>
<parameteritem>
<parameternamelist>
<parametername>context</parametername>
</parameternamelist>
<parameterdescription>
<para>[in] The application defined context data.</para></parameterdescription>
</parameteritem>
</parameterlist>
<simplesect kind="return"><para>True on success, or false if an error occurred. The channel will continue to open only this callback return true, otherwise the channel will be closed. </para></simplesect>
</para>        </detaileddescription>
        <inbodydescription>
        </inbodydescription>
        <location file="/home/elastos/Projects/src/session/ela_session.h" line="541" column="1" bodyfile="/home/elastos/Projects/src/session/ela_session.h" bodystart="541" bodyend="-1"/>
      </memberdef>
      <memberdef kind="variable" id="struct_ela_stream_callbacks_1a457b2f434bd8638a3880e2d167b7230e" prot="public" static="no" mutable="no">
        <type>void(*</type>
        <definition>void(* ElaStreamCallbacks::channel_opened) (ElaSession *session, int stream, int channel, void *context)</definition>
        <argsstring>)(ElaSession *session, int stream, int channel, void *context)</argsstring>
        <name>channel_opened</name>
        <briefdescription>
<para>Callback will be called when new multiplexing channel opened. </para>        </briefdescription>
        <detaileddescription>
<para><parameterlist kind="param"><parameteritem>
<parameternamelist>
<parametername>session</parametername>
</parameternamelist>
<parameterdescription>
<para>[in] The handle to the ElaSession. </para></parameterdescription>
</parameteritem>
<parameteritem>
<parameternamelist>
<parametername>stream</parametername>
</parameternamelist>
<parameterdescription>
<para>[in] The stream ID. </para></parameterdescription>
</parameteritem>
<parameteritem>
<parameternamelist>
<parametername>channel</parametername>
</parameternamelist>
<parameterdescription>
<para>[in] The current channel ID. </para></parameterdescription>
</parameteritem>
<parameteritem>
<parameternamelist>
<parametername>context</parametername>
</parameternamelist>
<parameterdescription>
<para>[in] The application defined context data. </para></parameterdescription>
</parameteritem>
</parameterlist>
</para>        </detaileddescription>
        <inbodydescription>
        </inbodydescription>
        <location file="/home/elastos/Projects/src/session/ela_session.h" line="557" column="1" bodyfile="/home/elastos/Projects/src/session/ela_session.h" bodystart="557" bodyend="-1"/>
      </memberdef>
      <memberdef kind="variable" id="struct_ela_stream_callbacks_1a95519e97c1345cdb1cfc2dc5979797d3" prot="public" static="no" mutable="no">
        <type>void(*</type>
        <definition>void(* ElaStreamCallbacks::channel_close) (ElaSession *session, int stream, int channel, CloseReason reason, void *context)</definition>
        <argsstring>)(ElaSession *session, int stream, int channel, CloseReason reason, void *context)</argsstring>
        <name>channel_close</name>
        <briefdescription>
<para>Callback will be called when channel close. </para>        </briefdescription>
        <detaileddescription>
<para><parameterlist kind="param"><parameteritem>
<parameternamelist>
<parametername>session</parametername>
</parameternamelist>
<parameterdescription>
<para>[in] The handle to the ElaSession. </para></parameterdescription>
</parameteritem>
<parameteritem>
<parameternamelist>
<parametername>stream</parametername>
</parameternamelist>
<parameterdescription>
<para>[in] The stream ID. </para></parameterdescription>
</parameteritem>
<parameteritem>
<parameternamelist>
<parametername>channel</parametername>
</parameternamelist>
<parameterdescription>
<para>[in] The current channel ID. </para></parameterdescription>
</parameteritem>
<parameteritem>
<parameternamelist>
<parametername>reason</parametername>
</parameternamelist>
<parameterdescription>
<para>[in] Channel close reason code, defined in CloseReason. </para></parameterdescription>
</parameteritem>
<parameteritem>
<parameternamelist>
<parametername>context</parametername>
</parameternamelist>
<parameterdescription>
<para>[in] The application defined context data. </para></parameterdescription>
</parameteritem>
</parameterlist>
</para>        </detaileddescription>
        <inbodydescription>
        </inbodydescription>
        <location file="/home/elastos/Projects/src/session/ela_session.h" line="575" column="1" bodyfile="/home/elastos/Projects/src/session/ela_session.h" bodystart="575" bodyend="-1"/>
      </memberdef>
      <memberdef kind="variable" id="struct_ela_stream_callbacks_1a147758e0215dc77126d1e6f27b68284e" prot="public" static="no" mutable="no">
        <type>bool(*</type>
        <definition>bool(* ElaStreamCallbacks::channel_data) (ElaSession *session, int stream, int channel, const void *data, size_t len, void *context)</definition>
        <argsstring>)(ElaSession *session, int stream, int channel, const void *data, size_t len, void *context)</argsstring>
        <name>channel_data</name>
        <briefdescription>
<para>Callback will be called when channel received incoming data. </para>        </briefdescription>
        <detaileddescription>
<para><parameterlist kind="param"><parameteritem>
<parameternamelist>
<parametername>session</parametername>
</parameternamelist>
<parameterdescription>
<para>[in] The handle to the ElaSession. </para></parameterdescription>
</parameteritem>
<parameteritem>
<parameternamelist>
<parametername>stream</parametername>
</parameternamelist>
<parameterdescription>
<para>[in] The stream ID. </para></parameterdescription>
</parameteritem>
<parameteritem>
<parameternamelist>
<parametername>channel</parametername>
</parameternamelist>
<parameterdescription>
<para>[in] The current channel ID. </para></parameterdescription>
</parameteritem>
<parameteritem>
<parameternamelist>
<parametername>data</parametername>
</parameternamelist>
<parameterdescription>
<para>[in] The received data. </para></parameterdescription>
</parameteritem>
<parameteritem>
<parameternamelist>
<parametername>len</parametername>
</parameternamelist>
<parameterdescription>
<para>[in] The received data length. </para></parameterdescription>
</parameteritem>
<parameteritem>
<parameternamelist>
<parametername>context</parametername>
</parameternamelist>
<parameterdescription>
<para>[in] The application defined context data.</para></parameterdescription>
</parameteritem>
</parameterlist>
<simplesect kind="return"><para>True on success, or false if an error occurred. If this callback return false, the channel will be closed with CloseReason_Error. </para></simplesect>
</para>        </detaileddescription>
        <inbodydescription>
        </inbodydescription>
        <location file="/home/elastos/Projects/src/session/ela_session.h" line="600" column="1" bodyfile="/home/elastos/Projects/src/session/ela_session.h" bodystart="600" bodyend="-1"/>
      </memberdef>
      <memberdef kind="variable" id="struct_ela_stream_callbacks_1a0b5132d044b5a434482d2f247d5038ea" prot="public" static="no" mutable="no">
        <type>void(*</type>
        <definition>void(* ElaStreamCallbacks::channel_pending) (ElaSession *session, int stream, int channel, void *context)</definition>
        <argsstring>)(ElaSession *session, int stream, int channel, void *context)</argsstring>
        <name>channel_pending</name>
        <briefdescription>
<para>Callback will be called when remote peer ask to pend data sending. </para>        </briefdescription>
        <detaileddescription>
<para><parameterlist kind="param"><parameteritem>
<parameternamelist>
<parametername>session</parametername>
</parameternamelist>
<parameterdescription>
<para>[in] The handle to the ElaSession. </para></parameterdescription>
</parameteritem>
<parameteritem>
<parameternamelist>
<parametername>stream</parametername>
</parameternamelist>
<parameterdescription>
<para>[in] The stream ID. </para></parameterdescription>
</parameteritem>
<parameteritem>
<parameternamelist>
<parametername>channel</parametername>
</parameternamelist>
<parameterdescription>
<para>[in] The current channel ID. </para></parameterdescription>
</parameteritem>
<parameteritem>
<parameternamelist>
<parametername>context</parametername>
</parameternamelist>
<parameterdescription>
<para>[in] The application defined context data. </para></parameterdescription>
</parameteritem>
</parameterlist>
</para>        </detaileddescription>
        <inbodydescription>
        </inbodydescription>
        <location file="/home/elastos/Projects/src/session/ela_session.h" line="616" column="1" bodyfile="/home/elastos/Projects/src/session/ela_session.h" bodystart="616" bodyend="-1"/>
      </memberdef>
      <memberdef kind="variable" id="struct_ela_stream_callbacks_1a7084466e1442fa72ba46e7bafed406f8" prot="public" static="no" mutable="no">
        <type>void(*</type>
        <definition>void(* ElaStreamCallbacks::channel_resume) (ElaSession *session, int stream, int channel, void *context)</definition>
        <argsstring>)(ElaSession *session, int stream, int channel, void *context)</argsstring>
        <name>channel_resume</name>
        <briefdescription>
<para>Callback will be called when remote peer ask to resume data sending. </para>        </briefdescription>
        <detaileddescription>
<para><parameterlist kind="param"><parameteritem>
<parameternamelist>
<parametername>session</parametername>
</parameternamelist>
<parameterdescription>
<para>[in] The handle to the ElaSession. </para></parameterdescription>
</parameteritem>
<parameteritem>
<parameternamelist>
<parametername>stream</parametername>
</parameternamelist>
<parameterdescription>
<para>[in] The stream ID. </para></parameterdescription>
</parameteritem>
<parameteritem>
<parameternamelist>
<parametername>channel</parametername>
</parameternamelist>
<parameterdescription>
<para>[in] The current channel ID. </para></parameterdescription>
</parameteritem>
<parameteritem>
<parameternamelist>
<parametername>context</parametername>
</parameternamelist>
<parameterdescription>
<para>[in] The application defined context data. </para></parameterdescription>
</parameteritem>
</parameterlist>
</para>        </detaileddescription>
        <inbodydescription>
        </inbodydescription>
        <location file="/home/elastos/Projects/src/session/ela_session.h" line="632" column="1" bodyfile="/home/elastos/Projects/src/session/ela_session.h" bodystart="632" bodyend="-1"/>
      </memberdef>
      </sectiondef>
    <briefdescription>
<para>Carrier stream callbacks. </para>    </briefdescription>
    <detaileddescription>
<para>Include stream status callback, stream data callback, and multiplexing callbacks. </para>    </detaileddescription>
    <location file="/home/elastos/Projects/src/session/ela_session.h" line="478" column="1" bodyfile="/home/elastos/Projects/src/session/ela_session.h" bodystart="478" bodyend="634"/>
    <listofallmembers>
      <member refid="struct_ela_stream_callbacks_1a95519e97c1345cdb1cfc2dc5979797d3" prot="public" virt="non-virtual"><scope>ElaStreamCallbacks</scope><name>channel_close</name></member>
      <member refid="struct_ela_stream_callbacks_1a147758e0215dc77126d1e6f27b68284e" prot="public" virt="non-virtual"><scope>ElaStreamCallbacks</scope><name>channel_data</name></member>
      <member refid="struct_ela_stream_callbacks_1aaf9b310e2e6e08b43c92c9f15036210f" prot="public" virt="non-virtual"><scope>ElaStreamCallbacks</scope><name>channel_open</name></member>
      <member refid="struct_ela_stream_callbacks_1a457b2f434bd8638a3880e2d167b7230e" prot="public" virt="non-virtual"><scope>ElaStreamCallbacks</scope><name>channel_opened</name></member>
      <member refid="struct_ela_stream_callbacks_1a0b5132d044b5a434482d2f247d5038ea" prot="public" virt="non-virtual"><scope>ElaStreamCallbacks</scope><name>channel_pending</name></member>
      <member refid="struct_ela_stream_callbacks_1a7084466e1442fa72ba46e7bafed406f8" prot="public" virt="non-virtual"><scope>ElaStreamCallbacks</scope><name>channel_resume</name></member>
      <member refid="struct_ela_stream_callbacks_1ab5dd3527e3072d8db02c8fcb29896e4c" prot="public" virt="non-virtual"><scope>ElaStreamCallbacks</scope><name>state_changed</name></member>
      <member refid="struct_ela_stream_callbacks_1acc93fdbd62294276e9c0f3ac1ef29e2d" prot="public" virt="non-virtual"><scope>ElaStreamCallbacks</scope><name>stream_data</name></member>
    </listofallmembers>
  </compounddef>
</doxygen>
