<?xml version='1.0' encoding='UTF-8' standalone='no'?>
<doxygen xmlns:xsi="http://www.w3.org/2001/XMLSchema-instance" xsi:noNamespaceSchemaLocation="compound.xsd" version="1.8.11">
  <compounddef id="struct_ela_friend_info" kind="struct" language="C++" prot="public">
    <compoundname>ElaFriendInfo</compoundname>
    <includes refid="ela__carrier_8h" local="no">ela_carrier.h</includes>
      <sectiondef kind="public-attrib">
      <memberdef kind="variable" id="struct_ela_friend_info_1aba60ca5b3e3a2b422cb7c54bf9947a5e" prot="public" static="no" mutable="no">
        <type><ref refid="struct_ela_user_info" kindref="compound">ElaUserInfo</ref></type>
        <definition>ElaUserInfo ElaFriendInfo::user_info</definition>
        <argsstring></argsstring>
        <name>user_info</name>
        <briefdescription>
<para>Friend&apos;s user information. </para>        </briefdescription>
        <detaileddescription>
        </detaileddescription>
        <inbodydescription>
        </inbodydescription>
        <location file="/home/elastos/Projects/src/carrier/ela_carrier.h" line="376" column="1" bodyfile="/home/elastos/Projects/src/carrier/ela_carrier.h" bodystart="376" bodyend="-1"/>
      </memberdef>
      <memberdef kind="variable" id="struct_ela_friend_info_1a1d68a029db884b68beefcf78a5c39b3b" prot="public" static="no" mutable="no">
        <type>char</type>
        <definition>char ElaFriendInfo::label[ELA_MAX_USER_NAME_LEN+1]</definition>
        <argsstring>[ELA_MAX_USER_NAME_LEN+1]</argsstring>
        <name>label</name>
        <briefdescription>
<para>Your label for the friend. </para>        </briefdescription>
        <detaileddescription>
        </detaileddescription>
        <inbodydescription>
        </inbodydescription>
        <location file="/home/elastos/Projects/src/carrier/ela_carrier.h" line="381" column="1" bodyfile="/home/elastos/Projects/src/carrier/ela_carrier.h" bodystart="381" bodyend="-1"/>
      </memberdef>
      <memberdef kind="variable" id="struct_ela_friend_info_1a630846731fa9a36d1f0888996c831ccb" prot="public" static="no" mutable="no">
        <type>ElaConnectionStatus</type>
        <definition>ElaConnectionStatus ElaFriendInfo::status</definition>
        <argsstring></argsstring>
        <name>status</name>
        <briefdescription>
<para>Friend&apos;s connection status. </para>        </briefdescription>
        <detaileddescription>
        </detaileddescription>
        <inbodydescription>
        </inbodydescription>
        <location file="/home/elastos/Projects/src/carrier/ela_carrier.h" line="386" column="1" bodyfile="/home/elastos/Projects/src/carrier/ela_carrier.h" bodystart="386" bodyend="-1"/>
      </memberdef>
      <memberdef kind="variable" id="struct_ela_friend_info_1a8a30d75d1bad5d8e4b47cdb210825413" prot="public" static="no" mutable="no">
        <type>ElaPresenceStatus</type>
        <definition>ElaPresenceStatus ElaFriendInfo::presence</definition>
        <argsstring></argsstring>
        <name>presence</name>
        <briefdescription>
<para>Friend&apos;s presence status. </para>        </briefdescription>
        <detaileddescription>
        </detaileddescription>
        <inbodydescription>
        </inbodydescription>
        <location file="/home/elastos/Projects/src/carrier/ela_carrier.h" line="391" column="1" bodyfile="/home/elastos/Projects/src/carrier/ela_carrier.h" bodystart="391" bodyend="-1"/>
      </memberdef>
      </sectiondef>
    <briefdescription>
<para>A structure representing the Carrier friend information. </para>    </briefdescription>
    <detaileddescription>
<para>Include the basic user information and the extra friend information. </para>    </detaileddescription>
    <collaborationgraph>
      <node id="26">
        <label>ElaFriendInfo</label>
        <link refid="struct_ela_friend_info"/>
        <childnode refid="27" relation="usage">
          <edgelabel>user_info</edgelabel>
        </childnode>
      </node>
      <node id="27">
        <label>ElaUserInfo</label>
        <link refid="struct_ela_user_info"/>
      </node>
    </collaborationgraph>
    <location file="/home/elastos/Projects/src/carrier/ela_carrier.h" line="371" column="1" bodyfile="/home/elastos/Projects/src/carrier/ela_carrier.h" bodystart="371" bodyend="392"/>
    <listofallmembers>
      <member refid="struct_ela_friend_info_1a1d68a029db884b68beefcf78a5c39b3b" prot="public" virt="non-virtual"><scope>ElaFriendInfo</scope><name>label</name></member>
      <member refid="struct_ela_friend_info_1a8a30d75d1bad5d8e4b47cdb210825413" prot="public" virt="non-virtual"><scope>ElaFriendInfo</scope><name>presence</name></member>
      <member refid="struct_ela_friend_info_1a630846731fa9a36d1f0888996c831ccb" prot="public" virt="non-virtual"><scope>ElaFriendInfo</scope><name>status</name></member>
      <member refid="struct_ela_friend_info_1aba60ca5b3e3a2b422cb7c54bf9947a5e" prot="public" virt="non-virtual"><scope>ElaFriendInfo</scope><name>user_info</name></member>
    </listofallmembers>
  </compounddef>
</doxygen>
