<?xml version='1.0' encoding='UTF-8' standalone='no'?>
<doxygen xmlns:xsi="http://www.w3.org/2001/XMLSchema-instance" xsi:noNamespaceSchemaLocation="compound.xsd" version="1.8.11">
  <compounddef id="struct_bootstrap_node" kind="struct" language="C++" prot="public">
    <compoundname>BootstrapNode</compoundname>
    <includes refid="ela__carrier_8h" local="no">ela_carrier.h</includes>
      <sectiondef kind="public-attrib">
      <memberdef kind="variable" id="struct_bootstrap_node_1af4a9cdf4487630ca563dccfe2dfb1150" prot="public" static="no" mutable="no">
        <type>const char *</type>
        <definition>const char* BootstrapNode::ipv4</definition>
        <argsstring></argsstring>
        <name>ipv4</name>
        <briefdescription>
<para>The ip address supported with ipv4 protocol. </para>        </briefdescription>
        <detaileddescription>
        </detaileddescription>
        <inbodydescription>
        </inbodydescription>
        <location file="/home/elastos/Projects/src/carrier/ela_carrier.h" line="142" column="1" bodyfile="/home/elastos/Projects/src/carrier/ela_carrier.h" bodystart="142" bodyend="-1"/>
      </memberdef>
      <memberdef kind="variable" id="struct_bootstrap_node_1a47c9ffbe13dc5b5f8d6caaf24b8d5226" prot="public" static="no" mutable="no">
        <type>const char *</type>
        <definition>const char* BootstrapNode::ipv6</definition>
        <argsstring></argsstring>
        <name>ipv6</name>
        <briefdescription>
<para>The ip address supported with ipv6 protocol. </para>        </briefdescription>
        <detaileddescription>
        </detaileddescription>
        <inbodydescription>
        </inbodydescription>
        <location file="/home/elastos/Projects/src/carrier/ela_carrier.h" line="148" column="1" bodyfile="/home/elastos/Projects/src/carrier/ela_carrier.h" bodystart="148" bodyend="-1"/>
      </memberdef>
      <memberdef kind="variable" id="struct_bootstrap_node_1a8e7654be13a9e9644fbd227450df4b09" prot="public" static="no" mutable="no">
        <type>const char *</type>
        <definition>const char* BootstrapNode::port</definition>
        <argsstring></argsstring>
        <name>port</name>
        <briefdescription>
<para>The ip port. </para>        </briefdescription>
        <detaileddescription>
<para>The default value is 33445. </para>        </detaileddescription>
        <inbodydescription>
        </inbodydescription>
        <location file="/home/elastos/Projects/src/carrier/ela_carrier.h" line="155" column="1" bodyfile="/home/elastos/Projects/src/carrier/ela_carrier.h" bodystart="155" bodyend="-1"/>
      </memberdef>
      <memberdef kind="variable" id="struct_bootstrap_node_1a81bc11367db00ab434f59a5f6e480367" prot="public" static="no" mutable="no">
        <type>const char *</type>
        <definition>const char* BootstrapNode::public_key</definition>
        <argsstring></argsstring>
        <name>public_key</name>
        <briefdescription>
<para>The unique public key to provide for Carrier nodes, terminated by null-string. </para>        </briefdescription>
        <detaileddescription>
<para>The length of public key is about 45 bytes. </para>        </detaileddescription>
        <inbodydescription>
        </inbodydescription>
        <location file="/home/elastos/Projects/src/carrier/ela_carrier.h" line="163" column="1" bodyfile="/home/elastos/Projects/src/carrier/ela_carrier.h" bodystart="163" bodyend="-1"/>
      </memberdef>
      </sectiondef>
    <briefdescription>
<para>Bootstrap defines a couple of perperities to provide for Carrier nodes to connect with. </para>    </briefdescription>
    <detaileddescription>
<para>The bootstrap nodes help Carrier nodes be connected to the others with more higher possibilities. </para>    </detaileddescription>
    <location file="/home/elastos/Projects/src/carrier/ela_carrier.h" line="137" column="1" bodyfile="/home/elastos/Projects/src/carrier/ela_carrier.h" bodystart="137" bodyend="164"/>
    <listofallmembers>
      <member refid="struct_bootstrap_node_1af4a9cdf4487630ca563dccfe2dfb1150" prot="public" virt="non-virtual"><scope>BootstrapNode</scope><name>ipv4</name></member>
      <member refid="struct_bootstrap_node_1a47c9ffbe13dc5b5f8d6caaf24b8d5226" prot="public" virt="non-virtual"><scope>BootstrapNode</scope><name>ipv6</name></member>
      <member refid="struct_bootstrap_node_1a8e7654be13a9e9644fbd227450df4b09" prot="public" virt="non-virtual"><scope>BootstrapNode</scope><name>port</name></member>
      <member refid="struct_bootstrap_node_1a81bc11367db00ab434f59a5f6e480367" prot="public" virt="non-virtual"><scope>BootstrapNode</scope><name>public_key</name></member>
    </listofallmembers>
  </compounddef>
</doxygen>
