<?xml version='1.0' encoding='UTF-8' standalone='no'?>
<doxygen xmlns:xsi="http://www.w3.org/2001/XMLSchema-instance" xsi:noNamespaceSchemaLocation="compound.xsd" version="1.8.11">
  <compounddef id="struct_ela_options" kind="struct" language="C++" prot="public">
    <compoundname>ElaOptions</compoundname>
    <includes refid="ela__carrier_8h" local="no">ela_carrier.h</includes>
      <sectiondef kind="public-attrib">
      <memberdef kind="variable" id="struct_ela_options_1af4b0f9879a6cbedd4120febb1c9b2651" prot="public" static="no" mutable="no">
        <type>const char *</type>
        <definition>const char* ElaOptions::persistent_location</definition>
        <argsstring></argsstring>
        <name>persistent_location</name>
        <briefdescription>
<para>The application defined persistent data location. </para>        </briefdescription>
        <detaileddescription>
<para>The location must be set. </para>        </detaileddescription>
        <inbodydescription>
        </inbodydescription>
        <location file="/home/elastos/Projects/src/carrier/ela_carrier.h" line="184" column="1" bodyfile="/home/elastos/Projects/src/carrier/ela_carrier.h" bodystart="184" bodyend="-1"/>
      </memberdef>
      <memberdef kind="variable" id="struct_ela_options_1aca9375bb76d7bc75f549e50c7530dc2b" prot="public" static="no" mutable="no">
        <type>bool</type>
        <definition>bool ElaOptions::udp_enabled</definition>
        <argsstring></argsstring>
        <name>udp_enabled</name>
        <briefdescription>
<para>The option to decide to use udp transport or not. </para>        </briefdescription>
        <detaileddescription>
<para>Setting this option to false will force Carrier node to use TCP only, which will potentially slow down the message to run through. </para>        </detaileddescription>
        <inbodydescription>
        </inbodydescription>
        <location file="/home/elastos/Projects/src/carrier/ela_carrier.h" line="192" column="1" bodyfile="/home/elastos/Projects/src/carrier/ela_carrier.h" bodystart="192" bodyend="-1"/>
      </memberdef>
      <memberdef kind="variable" id="struct_ela_options_1ae1623166c8504977fbb0ca3c1b954495" prot="public" static="no" mutable="no">
        <type>size_t</type>
        <definition>size_t ElaOptions::bootstraps_size</definition>
        <argsstring></argsstring>
        <name>bootstraps_size</name>
        <briefdescription>
<para>The total number of bootstrap nodes to connect. </para>        </briefdescription>
        <detaileddescription>
<para>There must have at least one bootstrap node for the very first time to create carrier instance. </para>        </detaileddescription>
        <inbodydescription>
        </inbodydescription>
        <location file="/home/elastos/Projects/src/carrier/ela_carrier.h" line="200" column="1" bodyfile="/home/elastos/Projects/src/carrier/ela_carrier.h" bodystart="200" bodyend="-1"/>
      </memberdef>
      <memberdef kind="variable" id="struct_ela_options_1ac461ec0b4268c2b9d664a6f5102398ec" prot="public" static="no" mutable="no">
        <type><ref refid="struct_bootstrap_node" kindref="compound">BootstrapNode</ref> *</type>
        <definition>BootstrapNode* ElaOptions::bootstraps</definition>
        <argsstring></argsstring>
        <name>bootstraps</name>
        <briefdescription>
<para>The array of bootstrap nodes. </para>        </briefdescription>
        <detaileddescription>
        </detaileddescription>
        <inbodydescription>
        </inbodydescription>
        <location file="/home/elastos/Projects/src/carrier/ela_carrier.h" line="206" column="1" bodyfile="/home/elastos/Projects/src/carrier/ela_carrier.h" bodystart="206" bodyend="-1"/>
      </memberdef>
      </sectiondef>
    <briefdescription>
<para><ref refid="struct_ela_options" kindref="compound">ElaOptions</ref> defines several settings that control the way the Carrier node connects to others. </para>    </briefdescription>
    <detaileddescription>
<para><simplesect kind="remark"><para>Default values are not defined for persistent_location of Carrier- Options, so application should be set persistent_location clearly. If the <ref refid="struct_ela_options" kindref="compound">ElaOptions</ref> structure is defined as a static variable, initialization (in compliant compilers) sets all values to 0 (NULL for pointers). </para></simplesect>
</para>    </detaileddescription>
    <collaborationgraph>
      <node id="30">
        <label>BootstrapNode</label>
        <link refid="struct_bootstrap_node"/>
      </node>
      <node id="29">
        <label>ElaOptions</label>
        <link refid="struct_ela_options"/>
        <childnode refid="30" relation="usage">
          <edgelabel>bootstraps</edgelabel>
        </childnode>
      </node>
    </collaborationgraph>
    <location file="/home/elastos/Projects/src/carrier/ela_carrier.h" line="178" column="1" bodyfile="/home/elastos/Projects/src/carrier/ela_carrier.h" bodystart="178" bodyend="207"/>
    <listofallmembers>
      <member refid="struct_ela_options_1ac461ec0b4268c2b9d664a6f5102398ec" prot="public" virt="non-virtual"><scope>ElaOptions</scope><name>bootstraps</name></member>
      <member refid="struct_ela_options_1ae1623166c8504977fbb0ca3c1b954495" prot="public" virt="non-virtual"><scope>ElaOptions</scope><name>bootstraps_size</name></member>
      <member refid="struct_ela_options_1af4b0f9879a6cbedd4120febb1c9b2651" prot="public" virt="non-virtual"><scope>ElaOptions</scope><name>persistent_location</name></member>
      <member refid="struct_ela_options_1aca9375bb76d7bc75f549e50c7530dc2b" prot="public" virt="non-virtual"><scope>ElaOptions</scope><name>udp_enabled</name></member>
    </listofallmembers>
  </compounddef>
</doxygen>
