<?xml version='1.0' encoding='UTF-8' standalone='no'?>
<doxygen xmlns:xsi="http://www.w3.org/2001/XMLSchema-instance" xsi:noNamespaceSchemaLocation="compound.xsd" version="1.8.11">
  <compounddef id="struct_ela_callbacks" kind="struct" language="C++" prot="public">
    <compoundname>ElaCallbacks</compoundname>
    <includes refid="ela__carrier_8h" local="no">ela_carrier.h</includes>
      <sectiondef kind="public-attrib">
      <memberdef kind="variable" id="struct_ela_callbacks_1a108a48c09ee5d6f13412d5db9fbbc5b1" prot="public" static="no" mutable="no">
        <type>void(*</type>
        <definition>void(* ElaCallbacks::idle) (ElaCarrier *carrier, void *context)</definition>
        <argsstring>)(ElaCarrier *carrier, void *context)</argsstring>
        <name>idle</name>
        <briefdescription>
<para>An application-defined function that perform idle work. </para>        </briefdescription>
        <detaileddescription>
<para><parameterlist kind="param"><parameteritem>
<parameternamelist>
<parametername>carrier</parametername>
</parameternamelist>
<parameterdescription>
<para>[in] A handle to the Carrier node instance. </para></parameterdescription>
</parameteritem>
<parameteritem>
<parameternamelist>
<parametername>context</parametername>
</parameternamelist>
<parameterdescription>
<para>[in] The application defined context data. </para></parameterdescription>
</parameteritem>
</parameterlist>
</para>        </detaileddescription>
        <inbodydescription>
        </inbodydescription>
        <location file="/home/elastos/Projects/src/carrier/ela_carrier.h" line="408" column="1" bodyfile="/home/elastos/Projects/src/carrier/ela_carrier.h" bodystart="408" bodyend="-1"/>
      </memberdef>
      <memberdef kind="variable" id="struct_ela_callbacks_1a32b4093dd16606dd1dba224e8f92231a" prot="public" static="no" mutable="no">
        <type>void(*</type>
        <definition>void(* ElaCallbacks::connection_status) (ElaCarrier *carrier, ElaConnectionStatus status, void *context)</definition>
        <argsstring>)(ElaCarrier *carrier, ElaConnectionStatus status, void *context)</argsstring>
        <name>connection_status</name>
        <briefdescription>
<para>An application-defined function that process the self connection status. </para>        </briefdescription>
        <detaileddescription>
<para><parameterlist kind="param"><parameteritem>
<parameternamelist>
<parametername>carrier</parametername>
</parameternamelist>
<parameterdescription>
<para>[in] A handle to the Carrier node instance. </para></parameterdescription>
</parameteritem>
<parameteritem>
<parameternamelist>
<parametername>status</parametername>
</parameternamelist>
<parameterdescription>
<para>[in] Current connection status. </para></parameterdescription>
</parameteritem>
</parameterlist>
<simplesect kind="see"><para>ElaConnectionStatus. </para></simplesect>
<parameterlist kind="param"><parameteritem>
<parameternamelist>
<parametername>context</parametername>
</parameternamelist>
<parameterdescription>
<para>[in] The application defined context data. </para></parameterdescription>
</parameteritem>
</parameterlist>
</para>        </detaileddescription>
        <inbodydescription>
        </inbodydescription>
        <location file="/home/elastos/Projects/src/carrier/ela_carrier.h" line="421" column="1" bodyfile="/home/elastos/Projects/src/carrier/ela_carrier.h" bodystart="421" bodyend="-1"/>
      </memberdef>
      <memberdef kind="variable" id="struct_ela_callbacks_1a7fe7dd52d83d31dee81fb6efd0aa7f67" prot="public" static="no" mutable="no">
        <type>void(*</type>
        <definition>void(* ElaCallbacks::ready) (ElaCarrier *carrier, void *context)</definition>
        <argsstring>)(ElaCarrier *carrier, void *context)</argsstring>
        <name>ready</name>
        <briefdescription>
<para>An application-defined function that process the ready notification. </para>        </briefdescription>
        <detaileddescription>
<para>Notice: application should wait this callback invoked before calling any carrier function to interact with friends.</para><para><parameterlist kind="param"><parameteritem>
<parameternamelist>
<parametername>carrier</parametername>
</parameternamelist>
<parameterdescription>
<para>[in] A handle to the Carrier node instance. </para></parameterdescription>
</parameteritem>
<parameteritem>
<parameternamelist>
<parametername>context</parametername>
</parameternamelist>
<parameterdescription>
<para>[in] The application defined context data. </para></parameterdescription>
</parameteritem>
</parameterlist>
</para>        </detaileddescription>
        <inbodydescription>
        </inbodydescription>
        <location file="/home/elastos/Projects/src/carrier/ela_carrier.h" line="435" column="1" bodyfile="/home/elastos/Projects/src/carrier/ela_carrier.h" bodystart="435" bodyend="-1"/>
      </memberdef>
      <memberdef kind="variable" id="struct_ela_callbacks_1a780f5072c08b8cbe226d289e1fe6f4b1" prot="public" static="no" mutable="no">
        <type>void(*</type>
        <definition>void(* ElaCallbacks::self_info) (ElaCarrier *carrier, const ElaUserInfo *info, void *context)</definition>
        <argsstring>)(ElaCarrier *carrier, const ElaUserInfo *info, void *context)</argsstring>
        <name>self_info</name>
        <briefdescription>
<para>An application-defined function that process the self info change event. </para>        </briefdescription>
        <detaileddescription>
<para>This callback is reserved for future compatibility.</para><para><parameterlist kind="param"><parameteritem>
<parameternamelist>
<parametername>carrier</parametername>
</parameternamelist>
<parameterdescription>
<para>[in] A handle to the Carrier node instance. </para></parameterdescription>
</parameteritem>
<parameteritem>
<parameternamelist>
<parametername>info</parametername>
</parameternamelist>
<parameterdescription>
<para>[in] The <ref refid="struct_ela_user_info" kindref="compound">ElaUserInfo</ref> pointer to the new user info. </para></parameterdescription>
</parameteritem>
<parameteritem>
<parameternamelist>
<parametername>context</parametername>
</parameternamelist>
<parameterdescription>
<para>[in] The application defined context data. </para></parameterdescription>
</parameteritem>
</parameterlist>
</para>        </detaileddescription>
        <inbodydescription>
        </inbodydescription>
        <location file="/home/elastos/Projects/src/carrier/ela_carrier.h" line="449" column="1" bodyfile="/home/elastos/Projects/src/carrier/ela_carrier.h" bodystart="449" bodyend="-1"/>
      </memberdef>
      <memberdef kind="variable" id="struct_ela_callbacks_1a631573817578c9fe4d43acba821d1064" prot="public" static="no" mutable="no">
        <type>bool(*</type>
        <definition>bool(* ElaCallbacks::friend_list) (ElaCarrier *carrier, const ElaFriendInfo *info, void *context)</definition>
        <argsstring>)(ElaCarrier *carrier, const ElaFriendInfo *info, void *context)</argsstring>
        <name>friend_list</name>
        <briefdescription>
<para>An application-defined function that iterate the each friends list item. </para>        </briefdescription>
        <detaileddescription>
<para><parameterlist kind="param"><parameteritem>
<parameternamelist>
<parametername>carrier</parametername>
</parameternamelist>
<parameterdescription>
<para>[in] A handle to the Carrier node instance. </para></parameterdescription>
</parameteritem>
<parameteritem>
<parameternamelist>
<parametername>info</parametername>
</parameternamelist>
<parameterdescription>
<para>[in] A pointer to <ref refid="struct_ela_friend_info" kindref="compound">ElaFriendInfo</ref> structure that representing a friend </para></parameterdescription>
</parameteritem>
<parameteritem>
<parameternamelist>
<parametername>context</parametername>
</parameternamelist>
<parameterdescription>
<para>[in] The application defined context data.</para></parameterdescription>
</parameteritem>
</parameterlist>
<simplesect kind="return"><para>Return true to continue iterate next friend user info, false to stop iterate. </para></simplesect>
</para>        </detaileddescription>
        <inbodydescription>
        </inbodydescription>
        <location file="/home/elastos/Projects/src/carrier/ela_carrier.h" line="467" column="1" bodyfile="/home/elastos/Projects/src/carrier/ela_carrier.h" bodystart="467" bodyend="-1"/>
      </memberdef>
      <memberdef kind="variable" id="struct_ela_callbacks_1a482aab48d1e3a465492cdeac2e07ecb9" prot="public" static="no" mutable="no">
        <type>void(*</type>
        <definition>void(* ElaCallbacks::friend_connection) (ElaCarrier *carrier, const char *friendid, ElaConnectionStatus status, void *context)</definition>
        <argsstring>)(ElaCarrier *carrier, const char *friendid, ElaConnectionStatus status, void *context)</argsstring>
        <name>friend_connection</name>
        <briefdescription>
<para>An application-defined function that process the friend connection change event. </para>        </briefdescription>
        <detaileddescription>
<para><parameterlist kind="param"><parameteritem>
<parameternamelist>
<parametername>carrier</parametername>
</parameternamelist>
<parameterdescription>
<para>[in] A handle to the Carrier node instance. </para></parameterdescription>
</parameteritem>
<parameteritem>
<parameternamelist>
<parametername>friendid</parametername>
</parameternamelist>
<parameterdescription>
<para>[in] The friend&apos;s user id. </para></parameterdescription>
</parameteritem>
<parameteritem>
<parameternamelist>
<parametername>status</parametername>
</parameternamelist>
<parameterdescription>
<para>[in] Connection status. </para></parameterdescription>
</parameteritem>
</parameterlist>
<simplesect kind="see"><para>ElaConnectionStatus </para></simplesect>
<parameterlist kind="param"><parameteritem>
<parameternamelist>
<parametername>context</parametername>
</parameternamelist>
<parameterdescription>
<para>[in] The application defined context data. </para></parameterdescription>
</parameteritem>
</parameterlist>
</para>        </detaileddescription>
        <inbodydescription>
        </inbodydescription>
        <location file="/home/elastos/Projects/src/carrier/ela_carrier.h" line="484" column="1" bodyfile="/home/elastos/Projects/src/carrier/ela_carrier.h" bodystart="484" bodyend="-1"/>
      </memberdef>
      <memberdef kind="variable" id="struct_ela_callbacks_1a2e27c93a1bdf444a9303ea5fa85bc81d" prot="public" static="no" mutable="no">
        <type>void(*</type>
        <definition>void(* ElaCallbacks::friend_info) (ElaCarrier *carrier, const char *friendid, const ElaFriendInfo *info, void *context)</definition>
        <argsstring>)(ElaCarrier *carrier, const char *friendid, const ElaFriendInfo *info, void *context)</argsstring>
        <name>friend_info</name>
        <briefdescription>
<para>An application-defined function that process the friend information change event. </para>        </briefdescription>
        <detaileddescription>
<para><parameterlist kind="param"><parameteritem>
<parameternamelist>
<parametername>carrier</parametername>
</parameternamelist>
<parameterdescription>
<para>[in] A handle to the Carrier node instance. </para></parameterdescription>
</parameteritem>
<parameteritem>
<parameternamelist>
<parametername>friendid</parametername>
</parameternamelist>
<parameterdescription>
<para>[in] The friend&apos;s user id. </para></parameterdescription>
</parameteritem>
<parameteritem>
<parameternamelist>
<parametername>info</parametername>
</parameternamelist>
<parameterdescription>
<para>[in] The <ref refid="struct_ela_friend_info" kindref="compound">ElaFriendInfo</ref> pointer to the new friend info. </para></parameterdescription>
</parameteritem>
<parameteritem>
<parameternamelist>
<parametername>context</parametername>
</parameternamelist>
<parameterdescription>
<para>[in] The application defined context data. </para></parameterdescription>
</parameteritem>
</parameterlist>
</para>        </detaileddescription>
        <inbodydescription>
        </inbodydescription>
        <location file="/home/elastos/Projects/src/carrier/ela_carrier.h" line="501" column="1" bodyfile="/home/elastos/Projects/src/carrier/ela_carrier.h" bodystart="501" bodyend="-1"/>
      </memberdef>
      <memberdef kind="variable" id="struct_ela_callbacks_1a820774ab6ec82b86bd786b602738f7c6" prot="public" static="no" mutable="no">
        <type>void(*</type>
        <definition>void(* ElaCallbacks::friend_presence) (ElaCarrier *carrier, const char *friendid, ElaPresenceStatus presence, void *context)</definition>
        <argsstring>)(ElaCarrier *carrier, const char *friendid, ElaPresenceStatus presence, void *context)</argsstring>
        <name>friend_presence</name>
        <briefdescription>
<para>An application-defined function that process the friend presence change event. </para>        </briefdescription>
        <detaileddescription>
<para><parameterlist kind="param"><parameteritem>
<parameternamelist>
<parametername>carrier</parametername>
</parameternamelist>
<parameterdescription>
<para>[in] A handle to the Carrier node instance. </para></parameterdescription>
</parameteritem>
<parameteritem>
<parameternamelist>
<parametername>friendid</parametername>
</parameternamelist>
<parameterdescription>
<para>[in] The friend&apos;s user id. </para></parameterdescription>
</parameteritem>
<parameteritem>
<parameternamelist>
<parametername>presence</parametername>
</parameternamelist>
<parameterdescription>
<para>[in] The presence status of the friend. </para></parameterdescription>
</parameteritem>
<parameteritem>
<parameternamelist>
<parametername>context</parametername>
</parameternamelist>
<parameterdescription>
<para>[in] The application defined context data. </para></parameterdescription>
</parameteritem>
</parameterlist>
</para>        </detaileddescription>
        <inbodydescription>
        </inbodydescription>
        <location file="/home/elastos/Projects/src/carrier/ela_carrier.h" line="518" column="1" bodyfile="/home/elastos/Projects/src/carrier/ela_carrier.h" bodystart="518" bodyend="-1"/>
      </memberdef>
      <memberdef kind="variable" id="struct_ela_callbacks_1a9fbcb29667f1c7d0b980255391bfb332" prot="public" static="no" mutable="no">
        <type>void(*</type>
        <definition>void(* ElaCallbacks::friend_request) (ElaCarrier *carrier, const char *userid, const ElaUserInfo *info, const char *hello, void *context)</definition>
        <argsstring>)(ElaCarrier *carrier, const char *userid, const ElaUserInfo *info, const char *hello, void *context)</argsstring>
        <name>friend_request</name>
        <briefdescription>
<para>An application-defined function that process the friend request. </para>        </briefdescription>
        <detaileddescription>
<para><parameterlist kind="param"><parameteritem>
<parameternamelist>
<parametername>carrier</parametername>
</parameternamelist>
<parameterdescription>
<para>[in] A handle to the Carrier node instance. </para></parameterdescription>
</parameteritem>
<parameteritem>
<parameternamelist>
<parametername>userid</parametername>
</parameternamelist>
<parameterdescription>
<para>[in] The user id who wants friend with us. </para></parameterdescription>
</parameteritem>
<parameteritem>
<parameternamelist>
<parametername>info</parametername>
</parameternamelist>
<parameterdescription>
<para>[in] The basic user info who wants to be friend. </para></parameterdescription>
</parameteritem>
<parameteritem>
<parameternamelist>
<parametername>hello</parametername>
</parameternamelist>
<parameterdescription>
<para>[in] PIN for target user, or any application defined content. </para></parameterdescription>
</parameteritem>
<parameteritem>
<parameternamelist>
<parametername>context</parametername>
</parameternamelist>
<parameterdescription>
<para>[in] The application defined context data. </para></parameterdescription>
</parameteritem>
</parameterlist>
</para>        </detaileddescription>
        <inbodydescription>
        </inbodydescription>
        <location file="/home/elastos/Projects/src/carrier/ela_carrier.h" line="537" column="1" bodyfile="/home/elastos/Projects/src/carrier/ela_carrier.h" bodystart="537" bodyend="-1"/>
      </memberdef>
      <memberdef kind="variable" id="struct_ela_callbacks_1a6a76a411b8ebd5f5cace89bfa65fe451" prot="public" static="no" mutable="no">
        <type>void(*</type>
        <definition>void(* ElaCallbacks::friend_added) (ElaCarrier *carrier, const ElaFriendInfo *info, void *context)</definition>
        <argsstring>)(ElaCarrier *carrier, const ElaFriendInfo *info, void *context)</argsstring>
        <name>friend_added</name>
        <briefdescription>
<para>An application-defined function that process the new friend added event. </para>        </briefdescription>
        <detaileddescription>
<para><parameterlist kind="param"><parameteritem>
<parameternamelist>
<parametername>carrier</parametername>
</parameternamelist>
<parameterdescription>
<para>[in] A handle to the Carrier node instance. </para></parameterdescription>
</parameteritem>
<parameteritem>
<parameternamelist>
<parametername>info</parametername>
</parameternamelist>
<parameterdescription>
<para>[in] The firend&apos;s information. </para></parameterdescription>
</parameteritem>
<parameteritem>
<parameternamelist>
<parametername>context</parametername>
</parameternamelist>
<parameterdescription>
<para>[in] The application defined context data. </para></parameterdescription>
</parameteritem>
</parameterlist>
</para>        </detaileddescription>
        <inbodydescription>
        </inbodydescription>
        <location file="/home/elastos/Projects/src/carrier/ela_carrier.h" line="553" column="1" bodyfile="/home/elastos/Projects/src/carrier/ela_carrier.h" bodystart="553" bodyend="-1"/>
      </memberdef>
      <memberdef kind="variable" id="struct_ela_callbacks_1abd0e7403fb531c89f468322bdbecc31d" prot="public" static="no" mutable="no">
        <type>void(*</type>
        <definition>void(* ElaCallbacks::friend_removed) (ElaCarrier *carrier, const char *friendid, void *context)</definition>
        <argsstring>)(ElaCarrier *carrier, const char *friendid, void *context)</argsstring>
        <name>friend_removed</name>
        <briefdescription>
<para>An application-defined function that process the friend removed event. </para>        </briefdescription>
        <detaileddescription>
<para><parameterlist kind="param"><parameteritem>
<parameternamelist>
<parametername>carrier</parametername>
</parameternamelist>
<parameterdescription>
<para>[in] A handle to the Carrier node instance. </para></parameterdescription>
</parameteritem>
<parameteritem>
<parameternamelist>
<parametername>friendid</parametername>
</parameternamelist>
<parameterdescription>
<para>[in] The friend&apos;s user id. </para></parameterdescription>
</parameteritem>
<parameteritem>
<parameternamelist>
<parametername>context</parametername>
</parameternamelist>
<parameterdescription>
<para>[in] The application defined context data. </para></parameterdescription>
</parameteritem>
</parameterlist>
</para>        </detaileddescription>
        <inbodydescription>
        </inbodydescription>
        <location file="/home/elastos/Projects/src/carrier/ela_carrier.h" line="568" column="1" bodyfile="/home/elastos/Projects/src/carrier/ela_carrier.h" bodystart="568" bodyend="-1"/>
      </memberdef>
      <memberdef kind="variable" id="struct_ela_callbacks_1a06edf5a4b52a3dee44eb0bc0c93e0158" prot="public" static="no" mutable="no">
        <type>void(*</type>
        <definition>void(* ElaCallbacks::friend_message) (ElaCarrier *carrier, const char *from, const void *msg, size_t len, void *context)</definition>
        <argsstring>)(ElaCarrier *carrier, const char *from, const void *msg, size_t len, void *context)</argsstring>
        <name>friend_message</name>
        <briefdescription>
<para>An application-defined function that process the friend messages. </para>        </briefdescription>
        <detaileddescription>
<para><parameterlist kind="param"><parameteritem>
<parameternamelist>
<parametername>carrier</parametername>
</parameternamelist>
<parameterdescription>
<para>[in] A handle to the Carrier node instance. </para></parameterdescription>
</parameteritem>
<parameteritem>
<parameternamelist>
<parametername>from</parametername>
</parameternamelist>
<parameterdescription>
<para>[in] The user id from who send the message. </para></parameterdescription>
</parameteritem>
<parameteritem>
<parameternamelist>
<parametername>msg</parametername>
</parameternamelist>
<parameterdescription>
<para>[in] The message content. </para></parameterdescription>
</parameteritem>
<parameteritem>
<parameternamelist>
<parametername>len</parametername>
</parameternamelist>
<parameterdescription>
<para>[in] The message length in bytes. </para></parameterdescription>
</parameteritem>
<parameteritem>
<parameternamelist>
<parametername>context</parametername>
</parameternamelist>
<parameterdescription>
<para>[in] The application defined context data. </para></parameterdescription>
</parameteritem>
</parameterlist>
</para>        </detaileddescription>
        <inbodydescription>
        </inbodydescription>
        <location file="/home/elastos/Projects/src/carrier/ela_carrier.h" line="586" column="1" bodyfile="/home/elastos/Projects/src/carrier/ela_carrier.h" bodystart="586" bodyend="-1"/>
      </memberdef>
      <memberdef kind="variable" id="struct_ela_callbacks_1a36ecf817672e090d85a015271d14c0ac" prot="public" static="no" mutable="no">
        <type>void(*</type>
        <definition>void(* ElaCallbacks::friend_invite) (ElaCarrier *carrier, const char *from, const void *data, size_t len, void *context)</definition>
        <argsstring>)(ElaCarrier *carrier, const char *from, const void *data, size_t len, void *context)</argsstring>
        <name>friend_invite</name>
        <briefdescription>
<para>An application-defined function that process the friend invite request. </para>        </briefdescription>
        <detaileddescription>
<para><parameterlist kind="param"><parameteritem>
<parameternamelist>
<parametername>carrier</parametername>
</parameternamelist>
<parameterdescription>
<para>[in] A handle to the Carrier node instance. </para></parameterdescription>
</parameteritem>
<parameteritem>
<parameternamelist>
<parametername>from</parametername>
</parameternamelist>
<parameterdescription>
<para>[in] The user id from who send the invite request. </para></parameterdescription>
</parameteritem>
<parameteritem>
<parameternamelist>
<parametername>data</parametername>
</parameternamelist>
<parameterdescription>
<para>[in] The application defined data send from friend. </para></parameterdescription>
</parameteritem>
<parameteritem>
<parameternamelist>
<parametername>len</parametername>
</parameternamelist>
<parameterdescription>
<para>[in] The data length in bytes. </para></parameterdescription>
</parameteritem>
<parameteritem>
<parameternamelist>
<parametername>context</parametername>
</parameternamelist>
<parameterdescription>
<para>[in] The application defined context data. </para></parameterdescription>
</parameteritem>
</parameterlist>
</para>        </detaileddescription>
        <inbodydescription>
        </inbodydescription>
        <location file="/home/elastos/Projects/src/carrier/ela_carrier.h" line="604" column="1" bodyfile="/home/elastos/Projects/src/carrier/ela_carrier.h" bodystart="604" bodyend="-1"/>
      </memberdef>
      </sectiondef>
    <briefdescription>
<para>Carrier callbacks, include all global callbacks for Carrier. </para>    </briefdescription>
    <detaileddescription>
    </detaileddescription>
    <location file="/home/elastos/Projects/src/carrier/ela_carrier.h" line="398" column="1" bodyfile="/home/elastos/Projects/src/carrier/ela_carrier.h" bodystart="398" bodyend="607"/>
    <listofallmembers>
      <member refid="struct_ela_callbacks_1a32b4093dd16606dd1dba224e8f92231a" prot="public" virt="non-virtual"><scope>ElaCallbacks</scope><name>connection_status</name></member>
      <member refid="struct_ela_callbacks_1a6a76a411b8ebd5f5cace89bfa65fe451" prot="public" virt="non-virtual"><scope>ElaCallbacks</scope><name>friend_added</name></member>
      <member refid="struct_ela_callbacks_1a482aab48d1e3a465492cdeac2e07ecb9" prot="public" virt="non-virtual"><scope>ElaCallbacks</scope><name>friend_connection</name></member>
      <member refid="struct_ela_callbacks_1a2e27c93a1bdf444a9303ea5fa85bc81d" prot="public" virt="non-virtual"><scope>ElaCallbacks</scope><name>friend_info</name></member>
      <member refid="struct_ela_callbacks_1a36ecf817672e090d85a015271d14c0ac" prot="public" virt="non-virtual"><scope>ElaCallbacks</scope><name>friend_invite</name></member>
      <member refid="struct_ela_callbacks_1a631573817578c9fe4d43acba821d1064" prot="public" virt="non-virtual"><scope>ElaCallbacks</scope><name>friend_list</name></member>
      <member refid="struct_ela_callbacks_1a06edf5a4b52a3dee44eb0bc0c93e0158" prot="public" virt="non-virtual"><scope>ElaCallbacks</scope><name>friend_message</name></member>
      <member refid="struct_ela_callbacks_1a820774ab6ec82b86bd786b602738f7c6" prot="public" virt="non-virtual"><scope>ElaCallbacks</scope><name>friend_presence</name></member>
      <member refid="struct_ela_callbacks_1abd0e7403fb531c89f468322bdbecc31d" prot="public" virt="non-virtual"><scope>ElaCallbacks</scope><name>friend_removed</name></member>
      <member refid="struct_ela_callbacks_1a9fbcb29667f1c7d0b980255391bfb332" prot="public" virt="non-virtual"><scope>ElaCallbacks</scope><name>friend_request</name></member>
      <member refid="struct_ela_callbacks_1a108a48c09ee5d6f13412d5db9fbbc5b1" prot="public" virt="non-virtual"><scope>ElaCallbacks</scope><name>idle</name></member>
      <member refid="struct_ela_callbacks_1a7fe7dd52d83d31dee81fb6efd0aa7f67" prot="public" virt="non-virtual"><scope>ElaCallbacks</scope><name>ready</name></member>
      <member refid="struct_ela_callbacks_1a780f5072c08b8cbe226d289e1fe6f4b1" prot="public" virt="non-virtual"><scope>ElaCallbacks</scope><name>self_info</name></member>
    </listofallmembers>
  </compounddef>
</doxygen>
