<?xml version='1.0' encoding='UTF-8' standalone='no'?>
<doxygen xmlns:xsi="http://www.w3.org/2001/XMLSchema-instance" xsi:noNamespaceSchemaLocation="compound.xsd" version="1.8.11">
  <compounddef id="struct_ela_transport_info" kind="struct" language="C++" prot="public">
    <compoundname>ElaTransportInfo</compoundname>
    <includes refid="ela__session_8h" local="no">ela_session.h</includes>
      <sectiondef kind="public-attrib">
      <memberdef kind="variable" id="struct_ela_transport_info_1a1f86c2c3edc4f6da950a191b1559e7f6" prot="public" static="no" mutable="no">
        <type>ElaNetworkTopology</type>
        <definition>ElaNetworkTopology ElaTransportInfo::topology</definition>
        <argsstring></argsstring>
        <name>topology</name>
        <briefdescription>
<para>The network topology type: LAN, P2P or relayed. </para>        </briefdescription>
        <detaileddescription>
        </detaileddescription>
        <inbodydescription>
        </inbodydescription>
        <location file="/home/elastos/Projects/src/session/ela_session.h" line="173" column="1" bodyfile="/home/elastos/Projects/src/session/ela_session.h" bodystart="173" bodyend="-1"/>
      </memberdef>
      <memberdef kind="variable" id="struct_ela_transport_info_1a2b7249d6b3b71c297ba35a0e62df9b41" prot="public" static="no" mutable="no">
        <type><ref refid="struct_ela_address_info" kindref="compound">ElaAddressInfo</ref></type>
        <definition>ElaAddressInfo ElaTransportInfo::local</definition>
        <argsstring></argsstring>
        <name>local</name>
        <briefdescription>
<para>The local address information. </para>        </briefdescription>
        <detaileddescription>
        </detaileddescription>
        <inbodydescription>
        </inbodydescription>
        <location file="/home/elastos/Projects/src/session/ela_session.h" line="178" column="1" bodyfile="/home/elastos/Projects/src/session/ela_session.h" bodystart="178" bodyend="-1"/>
      </memberdef>
      <memberdef kind="variable" id="struct_ela_transport_info_1acd88a98ee7ea8fe0baa4a1e76ca7901f" prot="public" static="no" mutable="no">
        <type><ref refid="struct_ela_address_info" kindref="compound">ElaAddressInfo</ref></type>
        <definition>ElaAddressInfo ElaTransportInfo::remote</definition>
        <argsstring></argsstring>
        <name>remote</name>
        <briefdescription>
<para>The remote address information. </para>        </briefdescription>
        <detaileddescription>
        </detaileddescription>
        <inbodydescription>
        </inbodydescription>
        <location file="/home/elastos/Projects/src/session/ela_session.h" line="183" column="1" bodyfile="/home/elastos/Projects/src/session/ela_session.h" bodystart="183" bodyend="-1"/>
      </memberdef>
      </sectiondef>
    <briefdescription>
<para>Carrier stream transport information. </para>    </briefdescription>
    <detaileddescription>
    </detaileddescription>
    <collaborationgraph>
      <node id="35">
        <label>ElaAddressInfo</label>
        <link refid="struct_ela_address_info"/>
      </node>
      <node id="34">
        <label>ElaTransportInfo</label>
        <link refid="struct_ela_transport_info"/>
        <childnode refid="35" relation="usage">
          <edgelabel>local</edgelabel>
          <edgelabel>remote</edgelabel>
        </childnode>
      </node>
    </collaborationgraph>
    <location file="/home/elastos/Projects/src/session/ela_session.h" line="168" column="1" bodyfile="/home/elastos/Projects/src/session/ela_session.h" bodystart="168" bodyend="184"/>
    <listofallmembers>
      <member refid="struct_ela_transport_info_1a2b7249d6b3b71c297ba35a0e62df9b41" prot="public" virt="non-virtual"><scope>ElaTransportInfo</scope><name>local</name></member>
      <member refid="struct_ela_transport_info_1acd88a98ee7ea8fe0baa4a1e76ca7901f" prot="public" virt="non-virtual"><scope>ElaTransportInfo</scope><name>remote</name></member>
      <member refid="struct_ela_transport_info_1a1f86c2c3edc4f6da950a191b1559e7f6" prot="public" virt="non-virtual"><scope>ElaTransportInfo</scope><name>topology</name></member>
    </listofallmembers>
  </compounddef>
</doxygen>
