<?xml version='1.0' encoding='UTF-8' standalone='no'?>
<doxygen xmlns:xsi="http://www.w3.org/2001/XMLSchema-instance" xsi:noNamespaceSchemaLocation="compound.xsd" version="1.8.11">
  <compounddef id="struct_ela_address_info" kind="struct" language="C++" prot="public">
    <compoundname>ElaAddressInfo</compoundname>
    <includes refid="ela__session_8h" local="no">ela_session.h</includes>
      <sectiondef kind="public-attrib">
      <memberdef kind="variable" id="struct_ela_address_info_1ada05c83f5fc6f42adfdf14bc12243f72" prot="public" static="no" mutable="no">
        <type>ElaCandidateType</type>
        <definition>ElaCandidateType ElaAddressInfo::type</definition>
        <argsstring></argsstring>
        <name>type</name>
        <briefdescription>
<para>The candidate address type. </para>        </briefdescription>
        <detaileddescription>
        </detaileddescription>
        <inbodydescription>
        </inbodydescription>
        <location file="/home/elastos/Projects/src/session/ela_session.h" line="141" column="1" bodyfile="/home/elastos/Projects/src/session/ela_session.h" bodystart="141" bodyend="-1"/>
      </memberdef>
      <memberdef kind="variable" id="struct_ela_address_info_1a9121d023dba1c312c96545007d50672d" prot="public" static="no" mutable="no">
        <type>char</type>
        <definition>char ElaAddressInfo::addr[ELA_MAX_IP_STRING_LEN+1]</definition>
        <argsstring>[ELA_MAX_IP_STRING_LEN+1]</argsstring>
        <name>addr</name>
        <briefdescription>
<para>The IP/host of the address. </para>        </briefdescription>
        <detaileddescription>
        </detaileddescription>
        <inbodydescription>
        </inbodydescription>
        <location file="/home/elastos/Projects/src/session/ela_session.h" line="146" column="1" bodyfile="/home/elastos/Projects/src/session/ela_session.h" bodystart="146" bodyend="-1"/>
      </memberdef>
      <memberdef kind="variable" id="struct_ela_address_info_1a3bd5c7680e0f9bfe1319ae4821d7ca7a" prot="public" static="no" mutable="no">
        <type>int</type>
        <definition>int ElaAddressInfo::port</definition>
        <argsstring></argsstring>
        <name>port</name>
        <briefdescription>
<para>The port of the address. </para>        </briefdescription>
        <detaileddescription>
        </detaileddescription>
        <inbodydescription>
        </inbodydescription>
        <location file="/home/elastos/Projects/src/session/ela_session.h" line="151" column="1" bodyfile="/home/elastos/Projects/src/session/ela_session.h" bodystart="151" bodyend="-1"/>
      </memberdef>
      <memberdef kind="variable" id="struct_ela_address_info_1a26320d69a267febcfde1db45deaffc59" prot="public" static="no" mutable="no">
        <type>char</type>
        <definition>char ElaAddressInfo::related_addr[ELA_MAX_IP_STRING_LEN+1]</definition>
        <argsstring>[ELA_MAX_IP_STRING_LEN+1]</argsstring>
        <name>related_addr</name>
        <briefdescription>
<para>The IP/host of the related address. </para>        </briefdescription>
        <detaileddescription>
        </detaileddescription>
        <inbodydescription>
        </inbodydescription>
        <location file="/home/elastos/Projects/src/session/ela_session.h" line="156" column="1" bodyfile="/home/elastos/Projects/src/session/ela_session.h" bodystart="156" bodyend="-1"/>
      </memberdef>
      <memberdef kind="variable" id="struct_ela_address_info_1a28d3af501fe1d90227ebcbbb742eb4cb" prot="public" static="no" mutable="no">
        <type>int</type>
        <definition>int ElaAddressInfo::related_port</definition>
        <argsstring></argsstring>
        <name>related_port</name>
        <briefdescription>
<para>The port of the related address. </para>        </briefdescription>
        <detaileddescription>
        </detaileddescription>
        <inbodydescription>
        </inbodydescription>
        <location file="/home/elastos/Projects/src/session/ela_session.h" line="161" column="1" bodyfile="/home/elastos/Projects/src/session/ela_session.h" bodystart="161" bodyend="-1"/>
      </memberdef>
      </sectiondef>
    <briefdescription>
<para>Carrier stream address information. </para>    </briefdescription>
    <detaileddescription>
    </detaileddescription>
    <location file="/home/elastos/Projects/src/session/ela_session.h" line="136" column="1" bodyfile="/home/elastos/Projects/src/session/ela_session.h" bodystart="136" bodyend="162"/>
    <listofallmembers>
      <member refid="struct_ela_address_info_1a9121d023dba1c312c96545007d50672d" prot="public" virt="non-virtual"><scope>ElaAddressInfo</scope><name>addr</name></member>
      <member refid="struct_ela_address_info_1a3bd5c7680e0f9bfe1319ae4821d7ca7a" prot="public" virt="non-virtual"><scope>ElaAddressInfo</scope><name>port</name></member>
      <member refid="struct_ela_address_info_1a26320d69a267febcfde1db45deaffc59" prot="public" virt="non-virtual"><scope>ElaAddressInfo</scope><name>related_addr</name></member>
      <member refid="struct_ela_address_info_1a28d3af501fe1d90227ebcbbb742eb4cb" prot="public" virt="non-virtual"><scope>ElaAddressInfo</scope><name>related_port</name></member>
      <member refid="struct_ela_address_info_1ada05c83f5fc6f42adfdf14bc12243f72" prot="public" virt="non-virtual"><scope>ElaAddressInfo</scope><name>type</name></member>
    </listofallmembers>
  </compounddef>
</doxygen>
